delta,epsilon,effective_delta,robot_r,nominal_rc,rc,rc_shift,nominal_margin,perturbed_margin,nominal_feasible,feasible,flipped,barrier,bottleneck_edges,case
-0.4,-0.012842607452982553,-0.41284260745298257,0.6,0.8000000000000003,0.8000000000000003,0.0,0.2000000000000003,0.2000000000000003,True,True,False,T → A1 → A2 → A3 → A4 → B,"T-A1, A1-A2, A2-A3",Stable plateau
-0.4,0.005596526628606182,-0.39440347337139386,0.6,0.8000000000000003,0.8000000000000003,0.0,0.2000000000000003,0.2000000000000003,True,True,False,T → A1 → A2 → A3 → A4 → B,"T-A1, A1-A2, A2-A3",Stable plateau
-0.4,-0.0013092639542605956,-0.40130926395426064,0.6,0.8000000000000003,0.8000000000000003,0.0,0.2000000000000003,0.2000000000000003,True,True,False,T → A1 → A2 → A3 → A4 → B,"T-A1, A1-A2, A2-A3",Stable plateau
-0.4,-0.0051799789156780785,-0.4051799789156781,0.6,0.8000000000000003,0.8000000000000003,0.0,0.2000000000000003,0.2000000000000003,True,True,False,T → A1 → A2 → A3 → A4 → B,"T-A1, A1-A2, A2-A3",Stable plateau
-0.4,-0.0058033066276139515,-0.405803306627614,0.6,0.8000000000000003,0.8000000000000003,0.0,0.2000000000000003,0.2000000000000003,True,True,False,T → A1 → A2 → A3 → A4 → B,"T-A1, A1-A2, A2-A3",Stable plateau
-0.4,0.011620729834130598,-0.38837927016586943,0.6,0.8000000000000003,0.8000000000000003,0.0,0.2000000000000003,0.2000000000000003,True,True,False,T → A1 → A2 → A3 → A4 → B,"T-A1, A1-A2, A2-A3",Stable plateau
-0.4,0.01620575346708696,-0.38379424653291305,0.6,0.8000000000000003,0.8000000000000003,0.0,0.2000000000000003,0.2000000000000003,True,True,False,T → A1 → A2 → A3 → A4 → B,"T-A1, A1-A2, A2-A3",Stable plateau
-0.4,-0.012905872327078054,-0.4129058723270781,0.6,0.8000000000000003,0.8000000000000003,0.0,0.2000000000000003,0.2000000000000003,True,True,False,T → A1 → A2 → A3 → A4 → B,"T-A1, A1-A2, A2-A3",Stable plateau
-0.4,0.006111392107405279,-0.3938886078925947,0.6,0.8000000000000003,0.8000000000000003,0.0,0.2000000000000003,0.2000000000000003,True,True,False,T → A1 → A2 → A3 → A4 → B,"T-A1, A1-A2, A2-A3",Stable plateau
-0.4,-0.00806788930577723,-0.40806788930577725,0.6,0.8000000000000003,0.8000000000000003,0.0,0.2000000000000003,0.2000000000000003,True,True,False,T → A1 → A2 → A3 → A4 → B,"T-A1, A1-A2, A2-A3",Stable plateau
-0.4,0.01867848800649562,-0.3813215119935044,0.6,0.8000000000000003,0.8000000000000003,0.0,0.2000000000000003,0.2000000000000003,True,True,False,T → A1 → A2 → A3 → A4 → B,"T-A1, A1-A2, A2-A3",Stable plateau
-0.4,0.01679400642149113,-0.3832059935785089,0.6,0.8000000000000003,0.8000000000000003,0.0,0.2000000000000003,0.2000000000000003,True,True,False,T → A1 → A2 → A3 → A4 → B,"T-A1, A1-A2, A2-A3",Stable plateau
-0.4,0.005434832165786056,-0.39456516783421397,0.6,0.8000000000000003,0.8000000000000003,0.0,0.2000000000000003,0.2000000000000003,True,True,False,T → A1 → A2 → A3 → A4 → B,"T-A1, A1-A2, A2-A3",Stable plateau
-0.4,0.010109283883163466,-0.38989071611683657,0.6,0.8000000000000003,0.8000000000000003,0.0,0.2000000000000003,0.2000000000000003,True,True,False,T → A1 → A2 → A3 → A4 → B,"T-A1, A1-A2, A2-A3",Stable plateau
-0.4,0.0006061478528940692,-0.39939385214710593,0.6,0.8000000000000003,0.8000000000000003,0.0,0.2000000000000003,0.2000000000000003,True,True,False,T → A1 → A2 → A3 → A4 → B,"T-A1, A1-A2, A2-A3",Stable plateau
-0.4,0.0130358103350228,-0.3869641896649772,0.6,0.8000000000000003,0.8000000000000003,0.0,0.2000000000000003,0.2000000000000003,True,True,False,T → A1 → A2 → A3 → A4 → B,"T-A1, A1-A2, A2-A3",Stable plateau
-0.4,-0.002064778183995874,-0.4020647781839959,0.6,0.8000000000000003,0.8000000000000003,0.0,0.2000000000000003,0.2000000000000003,True,True,False,T → A1 → A2 → A3 → A4 → B,"T-A1, A1-A2, A2-A3",Stable plateau
-0.4,-0.006447501867449525,-0.40644750186744955,0.6,0.8000000000000003,0.8000000000000003,0.0,0.2000000000000003,0.2000000000000003,True,True,False,T → A1 → A2 → A3 → A4 → B,"T-A1, A1-A2, A2-A3",Stable plateau
-0.4,-0.008884031379993638,-0.4088840313799937,0.6,0.8000000000000003,0.8000000000000003,0.0,0.2000000000000003,0.2000000000000003,True,True,False,T → A1 → A2 → A3 → A4 → B,"T-A1, A1-A2, A2-A3",Stable plateau
-0.4,-0.010946677726263863,-0.41094667772626386,0.6,0.8000000000000003,0.8000000000000003,0.0,0.2000000000000003,0.2000000000000003,True,True,False,T → A1 → A2 → A3 → A4 → B,"T-A1, A1-A2, A2-A3",Stable plateau
-0.4,0.0010326737338099343,-0.3989673262661901,0.6,0.8000000000000003,0.8000000000000003,0.0,0.2000000000000003,0.2000000000000003,True,True,False,T → A1 → A2 → A3 → A4 → B,"T-A1, A1-A2, A2-A3",Stable plateau
-0.4,-0.002763517572622741,-0.40276351757262274,0.6,0.8000000000000003,0.8000000000000003,0.0,0.2000000000000003,0.2000000000000003,True,True,False,T → A1 → A2 → A3 → A4 → B,"T-A1, A1-A2, A2-A3",Stable plateau
-0.4,0.006527224818903818,-0.3934727751810962,0.6,0.8000000000000003,0.8000000000000003,0.0,0.2000000000000003,0.2000000000000003,True,True,False,T → A1 → A2 → A3 → A4 → B,"T-A1, A1-A2, A2-A3",Stable plateau
-0.4,-0.019486380705327738,-0.41948638070532773,0.6,0.8000000000000003,0.8000000000000003,0.0,0.2000000000000003,0.2000000000000003,True,True,False,T → A1 → A2 → A3 → A4 → B,"T-A1, A1-A2, A2-A3",Stable plateau
-0.4,-0.0020919239384511665,-0.40209192393845117,0.6,0.8000000000000003,0.8000000000000003,0.0,0.2000000000000003,0.2000000000000003,True,True,False,T → A1 → A2 → A3 → A4 → B,"T-A1, A1-A2, A2-A3",Stable plateau
-0.4,-0.005392767954704345,-0.40539276795470436,0.6,0.8000000000000003,0.8000000000000003,0.0,0.2000000000000003,0.2000000000000003,True,True,False,T → A1 → A2 → A3 → A4 → B,"T-A1, A1-A2, A2-A3",Stable plateau
-0.4,-0.01218409600513784,-0.41218409600513783,0.6,0.8000000000000003,0.8000000000000003,0.0,0.2000000000000003,0.2000000000000003,True,True,False,T → A1 → A2 → A3 → A4 → B,"T-A1, A1-A2, A2-A3",Stable plateau
-0.4,0.0037946348402421136,-0.3962053651597579,0.6,0.8000000000000003,0.8000000000000003,0.0,0.2000000000000003,0.2000000000000003,True,True,False,T → A1 → A2 → A3 → A4 → B,"T-A1, A1-A2, A2-A3",Stable plateau
-0.4,-0.0025874737619742162,-0.40258747376197423,0.6,0.8000000000000003,0.8000000000000003,0.0,0.2000000000000003,0.2000000000000003,True,True,False,T → A1 → A2 → A3 → A4 → B,"T-A1, A1-A2, A2-A3",Stable plateau
-0.4,-0.008000339850194008,-0.408000339850194,0.6,0.8000000000000003,0.8000000000000003,0.0,0.2000000000000003,0.2000000000000003,True,True,False,T → A1 → A2 → A3 → A4 → B,"T-A1, A1-A2, A2-A3",Stable plateau
-0.4,-0.011623355150551217,-0.41162335515055126,0.6,0.8000000000000003,0.8000000000000003,0.0,0.2000000000000003,0.2000000000000003,True,True,False,T → A1 → A2 → A3 → A4 → B,"T-A1, A1-A2, A2-A3",Stable plateau
-0.4,0.01498496228768718,-0.3850150377123128,0.6,0.8000000000000003,0.8000000000000003,0.0,0.2000000000000003,0.2000000000000003,True,True,False,T → A1 → A2 → A3 → A4 → B,"T-A1, A1-A2, A2-A3",Stable plateau
-0.4,0.011898492620857303,-0.38810150737914273,0.6,0.8000000000000003,0.8000000000000003,0.0,0.2000000000000003,0.2000000000000003,True,True,False,T → A1 → A2 → A3 → A4 → B,"T-A1, A1-A2, A2-A3",Stable plateau
-0.4,0.004268387067399161,-0.39573161293260084,0.6,0.8000000000000003,0.8000000000000003,0.0,0.2000000000000003,0.2000000000000003,True,True,False,T → A1 → A2 → A3 → A4 → B,"T-A1, A1-A2, A2-A3",Stable plateau
-0.4,-0.0061959768533083135,-0.4061959768533083,0.6,0.8000000000000003,0.8000000000000003,0.0,0.2000000000000003,0.2000000000000003,True,True,False,T → A1 → A2 → A3 → A4 → B,"T-A1, A1-A2, A2-A3",Stable plateau
-0.4,0.017872791639185936,-0.3821272083608141,0.6,0.8000000000000003,0.8000000000000003,0.0,0.2000000000000003,0.2000000000000003,True,True,False,T → A1 → A2 → A3 → A4 → B,"T-A1, A1-A2, A2-A3",Stable plateau
-0.4,0.0025350949801018208,-0.3974649050198982,0.6,0.8000000000000003,0.8000000000000003,0.0,0.2000000000000003,0.2000000000000003,True,True,False,T → A1 → A2 → A3 → A4 → B,"T-A1, A1-A2, A2-A3",Stable plateau
-0.4,-0.0026894904152019172,-0.40268949041520197,0.6,0.8000000000000003,0.8000000000000003,0.0,0.2000000000000003,0.2000000000000003,True,True,False,T → A1 → A2 → A3 → A4 → B,"T-A1, A1-A2, A2-A3",Stable plateau
-0.4,0.016017983960168885,-0.3839820160398311,0.6,0.8000000000000003,0.8000000000000003,0.0,0.2000000000000003,0.2000000000000003,True,True,False,T → A1 → A2 → A3 → A4 → B,"T-A1, A1-A2, A2-A3",Stable plateau
-0.4,-0.0072263278439255035,-0.40722632784392554,0.6,0.8000000000000003,0.8000000000000003,0.0,0.2000000000000003,0.2000000000000003,True,True,False,T → A1 → A2 → A3 → A4 → B,"T-A1, A1-A2, A2-A3",Stable plateau
-0.4,0.007839794805351335,-0.39216020519464867,0.6,0.8000000000000003,0.8000000000000003,0.0,0.2000000000000003,0.2000000000000003,True,True,False,T → A1 → A2 → A3 → A4 → B,"T-A1, A1-A2, A2-A3",Stable plateau
-0.4,-0.007447186909505197,-0.4074471869095052,0.6,0.8000000000000003,0.8000000000000003,0.0,0.2000000000000003,0.2000000000000003,True,True,False,T → A1 → A2 → A3 → A4 → B,"T-A1, A1-A2, A2-A3",Stable plateau
-0.4,-0.009537878147528002,-0.409537878147528,0.6,0.8000000000000003,0.8000000000000003,0.0,0.2000000000000003,0.2000000000000003,True,True,False,T → A1 → A2 → A3 → A4 → B,"T-A1, A1-A2, A2-A3",Stable plateau
-0.4,0.008033635580034216,-0.3919663644199658,0.6,0.8000000000000003,0.8000000000000003,0.0,0.2000000000000003,0.2000000000000003,True,True,False,T → A1 → A2 → A3 → A4 → B,"T-A1, A1-A2, A2-A3",Stable plateau
-0.4,-0.010884320843705693,-0.41088432084370574,0.6,0.8000000000000003,0.8000000000000003,0.0,0.2000000000000003,0.2000000000000003,True,True,False,T → A1 → A2 → A3 → A4 → B,"T-A1, A1-A2, A2-A3",Stable plateau
-0.4,-0.00027558708060477013,-0.4002755870806048,0.6,0.8000000000000003,0.8000000000000003,0.0,0.2000000000000003,0.2000000000000003,True,True,False,T → A1 → A2 → A3 → A4 → B,"T-A1, A1-A2, A2-A3",Stable plateau
-0.4,0.0032011381208222472,-0.3967988618791778,0.6,0.8000000000000003,0.8000000000000003,0.0,0.2000000000000003,0.2000000000000003,True,True,False,T → A1 → A2 → A3 → A4 → B,"T-A1, A1-A2, A2-A3",Stable plateau
-0.4,-0.012443745409821662,-0.4124437454098217,0.6,0.8000000000000003,0.8000000000000003,0.0,0.2000000000000003,0.2000000000000003,True,True,False,T → A1 → A2 → A3 → A4 → B,"T-A1, A1-A2, A2-A3",Stable plateau
-0.4,0.009249626334337787,-0.39075037366566223,0.6,0.8000000000000003,0.8000000000000003,0.0,0.2000000000000003,0.2000000000000003,True,True,False,T → A1 → A2 → A3 → A4 → B,"T-A1, A1-A2, A2-A3",Stable plateau
-0.4,0.0019393225849852098,-0.39806067741501483,0.6,0.8000000000000003,0.8000000000000003,0.0,0.2000000000000003,0.2000000000000003,True,True,False,T → A1 → A2 → A3 → A4 → B,"T-A1, A1-A2, A2-A3",Stable plateau
-0.4,0.004860130385037506,-0.3951398696149625,0.6,0.8000000000000003,0.8000000000000003,0.0,0.2000000000000003,0.2000000000000003,True,True,False,T → A1 → A2 → A3 → A4 → B,"T-A1, A1-A2, A2-A3",Stable plateau
-0.4,-0.005114227328126804,-0.40511422732812685,0.6,0.8000000000000003,0.8000000000000003,0.0,0.2000000000000003,0.2000000000000003,True,True,False,T → A1 → A2 → A3 → A4 → B,"T-A1, A1-A2, A2-A3",Stable plateau
-0.4,-0.0031922696031746467,-0.40319226960317467,0.6,0.8000000000000003,0.8000000000000003,0.0,0.2000000000000003,0.2000000000000003,True,True,False,T → A1 → A2 → A3 → A4 → B,"T-A1, A1-A2, A2-A3",Stable plateau
-0.4,-0.00020681288331774947,-0.4002068128833178,0.6,0.8000000000000003,0.8000000000000003,0.0,0.2000000000000003,0.2000000000000003,True,True,False,T → A1 → A2 → A3 → A4 → B,"T-A1, A1-A2, A2-A3",Stable plateau
-0.4,-0.0012011635037532074,-0.40120116350375323,0.6,0.8000000000000003,0.8000000000000003,0.0,0.2000000000000003,0.2000000000000003,True,True,False,T → A1 → A2 → A3 → A4 → B,"T-A1, A1-A2, A2-A3",Stable plateau
-0.4,0.007025568913984922,-0.3929744310860151,0.6,0.8000000000000003,0.8000000000000003,0.0,0.2000000000000003,0.2000000000000003,True,True,False,T → A1 → A2 → A3 → A4 → B,"T-A1, A1-A2, A2-A3",Stable plateau
-0.4,0.0030871001798479687,-0.39691289982015204,0.6,0.8000000000000003,0.8000000000000003,0.0,0.2000000000000003,0.2000000000000003,True,True,False,T → A1 → A2 → A3 → A4 → B,"T-A1, A1-A2, A2-A3",Stable plateau
-0.4,-0.003349174280301348,-0.40334917428030137,0.6,0.8000000000000003,0.8000000000000003,0.0,0.2000000000000003,0.2000000000000003,True,True,False,T → A1 → A2 → A3 → A4 → B,"T-A1, A1-A2, A2-A3",Stable plateau
-0.4,-0.01992790585572724,-0.41992790585572726,0.6,0.8000000000000003,0.8000000000000003,0.0,0.2000000000000003,0.2000000000000003,True,True,False,T → A1 → A2 → A3 → A4 → B,"T-A1, A1-A2, A2-A3",Stable plateau
-0.4,0.011761242431020173,-0.38823875756897985,0.6,0.8000000000000003,0.8000000000000003,0.0,0.2000000000000003,0.2000000000000003,True,True,False,T → A1 → A2 → A3 → A4 → B,"T-A1, A1-A2, A2-A3",Stable plateau
-0.4,0.000775368845773422,-0.3992246311542266,0.6,0.8000000000000003,0.8000000000000003,0.0,0.2000000000000003,0.2000000000000003,True,True,False,T → A1 → A2 → A3 → A4 → B,"T-A1, A1-A2, A2-A3",Stable plateau
-0.4,-0.0069382134475491995,-0.4069382134475492,0.6,0.8000000000000003,0.8000000000000003,0.0,0.2000000000000003,0.2000000000000003,True,True,False,T → A1 → A2 → A3 → A4 → B,"T-A1, A1-A2, A2-A3",Stable plateau
-0.4,-1.799103552243414e-06,-0.40000179910355227,0.6,0.8000000000000003,0.8000000000000003,0.0,0.2000000000000003,0.2000000000000003,True,True,False,T → A1 → A2 → A3 → A4 → B,"T-A1, A1-A2, A2-A3",Stable plateau
-0.4,-0.01626216266021528,-0.4162621626602153,0.6,0.8000000000000003,0.8000000000000003,0.0,0.2000000000000003,0.2000000000000003,True,True,False,T → A1 → A2 → A3 → A4 → B,"T-A1, A1-A2, A2-A3",Stable plateau
-0.4,0.016188162902134113,-0.3838118370978659,0.6,0.8000000000000003,0.8000000000000003,0.0,0.2000000000000003,0.2000000000000003,True,True,False,T → A1 → A2 → A3 → A4 → B,"T-A1, A1-A2, A2-A3",Stable plateau
-0.4,0.01958944670338014,-0.3804105532966199,0.6,0.8000000000000003,0.8000000000000003,0.0,0.2000000000000003,0.2000000000000003,True,True,False,T → A1 → A2 → A3 → A4 → B,"T-A1, A1-A2, A2-A3",Stable plateau
-0.4,-0.017650591299376683,-0.4176505912993767,0.6,0.8000000000000003,0.8000000000000003,0.0,0.2000000000000003,0.2000000000000003,True,True,False,T → A1 → A2 → A3 → A4 → B,"T-A1, A1-A2, A2-A3",Stable plateau
-0.4,-0.005670751256344744,-0.4056707512563448,0.6,0.8000000000000003,0.8000000000000003,0.0,0.2000000000000003,0.2000000000000003,True,True,False,T → A1 → A2 → A3 → A4 → B,"T-A1, A1-A2, A2-A3",Stable plateau
-0.4,0.00920258311276334,-0.3907974168872367,0.6,0.8000000000000003,0.8000000000000003,0.0,0.2000000000000003,0.2000000000000003,True,True,False,T → A1 → A2 → A3 → A4 → B,"T-A1, A1-A2, A2-A3",Stable plateau
-0.4,-0.007430474751284692,-0.4074304747512847,0.6,0.8000000000000003,0.8000000000000003,0.0,0.2000000000000003,0.2000000000000003,True,True,False,T → A1 → A2 → A3 → A4 → B,"T-A1, A1-A2, A2-A3",Stable plateau
-0.4,0.0026819903345779578,-0.3973180096654221,0.6,0.8000000000000003,0.8000000000000003,0.0,0.2000000000000003,0.2000000000000003,True,True,False,T → A1 → A2 → A3 → A4 → B,"T-A1, A1-A2, A2-A3",Stable plateau
-0.4,-0.003337161507398805,-0.40333716150739884,0.6,0.8000000000000003,0.8000000000000003,0.0,0.2000000000000003,0.2000000000000003,True,True,False,T → A1 → A2 → A3 → A4 → B,"T-A1, A1-A2, A2-A3",Stable plateau
-0.4,0.010968486305234997,-0.389031513694765,0.6,0.8000000000000003,0.8000000000000003,0.0,0.2000000000000003,0.2000000000000003,True,True,False,T → A1 → A2 → A3 → A4 → B,"T-A1, A1-A2, A2-A3",Stable plateau
-0.4,0.018338576038561354,-0.38166142396143865,0.6,0.8000000000000003,0.8000000000000003,0.0,0.2000000000000003,0.2000000000000003,True,True,False,T → A1 → A2 → A3 → A4 → B,"T-A1, A1-A2, A2-A3",Stable plateau
-0.4,0.015535817052667069,-0.384464182947333,0.6,0.8000000000000003,0.8000000000000003,0.0,0.2000000000000003,0.2000000000000003,True,True,False,T → A1 → A2 → A3 → A4 → B,"T-A1, A1-A2, A2-A3",Stable plateau
-0.4,0.004837418608001982,-0.39516258139199806,0.6,0.8000000000000003,0.8000000000000003,0.0,0.2000000000000003,0.2000000000000003,True,True,False,T → A1 → A2 → A3 → A4 → B,"T-A1, A1-A2, A2-A3",Stable plateau
-0.4,-0.013589027493277207,-0.41358902749327725,0.6,0.8000000000000003,0.8000000000000003,0.0,0.2000000000000003,0.2000000000000003,True,True,False,T → A1 → A2 → A3 → A4 → B,"T-A1, A1-A2, A2-A3",Stable plateau
-0.4,0.017882483332466514,-0.3821175166675335,0.6,0.8000000000000003,0.8000000000000003,0.0,0.2000000000000003,0.2000000000000003,True,True,False,T → A1 → A2 → A3 → A4 → B,"T-A1, A1-A2, A2-A3",Stable plateau
-0.4,-0.019054702853128956,-0.41905470285312896,0.6,0.8000000000000003,0.8000000000000003,0.0,0.2000000000000003,0.2000000000000003,True,True,False,T → A1 → A2 → A3 → A4 → B,"T-A1, A1-A2, A2-A3",Stable plateau
-0.4,-0.008091621743165543,-0.40809162174316554,0.6,0.8000000000000003,0.8000000000000003,0.0,0.2000000000000003,0.2000000000000003,True,True,False,T → A1 → A2 → A3 → A4 → B,"T-A1, A1-A2, A2-A3",Stable plateau
-0.4,-0.008735460275976168,-0.4087354602759762,0.6,0.8000000000000003,0.8000000000000003,0.0,0.2000000000000003,0.2000000000000003,True,True,False,T → A1 → A2 → A3 → A4 → B,"T-A1, A1-A2, A2-A3",Stable plateau
-0.4,0.006873039268908188,-0.3931269607310918,0.6,0.8000000000000003,0.8000000000000003,0.0,0.2000000000000003,0.2000000000000003,True,True,False,T → A1 → A2 → A3 → A4 → B,"T-A1, A1-A2, A2-A3",Stable plateau
-0.4,-0.0005054773570995416,-0.40050547735709957,0.6,0.8000000000000003,0.8000000000000003,0.0,0.2000000000000003,0.2000000000000003,True,True,False,T → A1 → A2 → A3 → A4 → B,"T-A1, A1-A2, A2-A3",Stable plateau
-0.4,-0.016284458049702112,-0.41628445804970216,0.6,0.8000000000000003,0.8000000000000003,0.0,0.2000000000000003,0.2000000000000003,True,True,False,T → A1 → A2 → A3 → A4 → B,"T-A1, A1-A2, A2-A3",Stable plateau
-0.4,-0.019485684490202788,-0.4194856844902028,0.6,0.8000000000000003,0.8000000000000003,0.0,0.2000000000000003,0.2000000000000003,True,True,False,T → A1 → A2 → A3 → A4 → B,"T-A1, A1-A2, A2-A3",Stable plateau
-0.4,0.004172629870945514,-0.3958273701290545,0.6,0.8000000000000003,0.8000000000000003,0.0,0.2000000000000003,0.2000000000000003,True,True,False,T → A1 → A2 → A3 → A4 → B,"T-A1, A1-A2, A2-A3",Stable plateau
-0.4,-0.0003406667063629541,-0.400340666706363,0.6,0.8000000000000003,0.8000000000000003,0.0,0.2000000000000003,0.2000000000000003,True,True,False,T → A1 → A2 → A3 → A4 → B,"T-A1, A1-A2, A2-A3",Stable plateau
-0.4,0.004055284853616045,-0.39594471514638396,0.6,0.8000000000000003,0.8000000000000003,0.0,0.2000000000000003,0.2000000000000003,True,True,False,T → A1 → A2 → A3 → A4 → B,"T-A1, A1-A2, A2-A3",Stable plateau
-0.4,0.0025609545546213808,-0.39743904544537867,0.6,0.8000000000000003,0.8000000000000003,0.0,0.2000000000000003,0.2000000000000003,True,True,False,T → A1 → A2 → A3 → A4 → B,"T-A1, A1-A2, A2-A3",Stable plateau
-0.4,0.0156183643319872,-0.3843816356680128,0.6,0.8000000000000003,0.8000000000000003,0.0,0.2000000000000003,0.2000000000000003,True,True,False,T → A1 → A2 → A3 → A4 → B,"T-A1, A1-A2, A2-A3",Stable plateau
-0.4,0.01673587431482387,-0.38326412568517615,0.6,0.8000000000000003,0.8000000000000003,0.0,0.2000000000000003,0.2000000000000003,True,True,False,T → A1 → A2 → A3 → A4 → B,"T-A1, A1-A2, A2-A3",Stable plateau
-0.4,-0.0124697135559054,-0.41246971355590545,0.6,0.8000000000000003,0.8000000000000003,0.0,0.2000000000000003,0.2000000000000003,True,True,False,T → A1 → A2 → A3 → A4 → B,"T-A1, A1-A2, A2-A3",Stable plateau
-0.4,0.01768483477882137,-0.38231516522117864,0.6,0.8000000000000003,0.8000000000000003,0.0,0.2000000000000003,0.2000000000000003,True,True,False,T → A1 → A2 → A3 → A4 → B,"T-A1, A1-A2, A2-A3",Stable plateau
-0.4,0.011509065052911344,-0.3884909349470887,0.6,0.8000000000000003,0.8000000000000003,0.0,0.2000000000000003,0.2000000000000003,True,True,False,T → A1 → A2 → A3 → A4 → B,"T-A1, A1-A2, A2-A3",Stable plateau
-0.4,0.005561050088918655,-0.39443894991108136,0.6,0.8000000000000003,0.8000000000000003,0.0,0.2000000000000003,0.2000000000000003,True,True,False,T → A1 → A2 → A3 → A4 → B,"T-A1, A1-A2, A2-A3",Stable plateau
-0.4,0.006384290699637973,-0.39361570930036205,0.6,0.8000000000000003,0.8000000000000003,0.0,0.2000000000000003,0.2000000000000003,True,True,False,T → A1 → A2 → A3 → A4 → B,"T-A1, A1-A2, A2-A3",Stable plateau
-0.4,0.0018424091960256989,-0.39815759080397434,0.6,0.8000000000000003,0.8000000000000003,0.0,0.2000000000000003,0.2000000000000003,True,True,False,T → A1 → A2 → A3 → A4 → B,"T-A1, A1-A2, A2-A3",Stable plateau
-0.4,0.016690531985713627,-0.3833094680142864,0.6,0.8000000000000003,0.8000000000000003,0.0,0.2000000000000003,0.2000000000000003,True,True,False,T → A1 → A2 → A3 → A4 → B,"T-A1, A1-A2, A2-A3",Stable plateau
-0.4,-0.010669471751994451,-0.4106694717519945,0.6,0.8000000000000003,0.8000000000000003,0.0,0.2000000000000003,0.2000000000000003,True,True,False,T → A1 → A2 → A3 → A4 → B,"T-A1, A1-A2, A2-A3",Stable plateau
-0.4,0.003972639690783236,-0.3960273603092168,0.6,0.8000000000000003,0.8000000000000003,0.0,0.2000000000000003,0.2000000000000003,True,True,False,T → A1 → A2 → A3 → A4 → B,"T-A1, A1-A2, A2-A3",Stable plateau
-0.4,0.012569722474866023,-0.387430277525134,0.6,0.8000000000000003,0.8000000000000003,0.0,0.2000000000000003,0.2000000000000003,True,True,False,T → A1 → A2 → A3 → A4 → B,"T-A1, A1-A2, A2-A3",Stable plateau
-0.4,-0.014609541935154801,-0.4146095419351548,0.6,0.8000000000000003,0.8000000000000003,0.0,0.2000000000000003,0.2000000000000003,True,True,False,T → A1 → A2 → A3 → A4 → B,"T-A1, A1-A2, A2-A3",Stable plateau
-0.4,0.004620330974354679,-0.39537966902564536,0.6,0.8000000000000003,0.8000000000000003,0.0,0.2000000000000003,0.2000000000000003,True,True,False,T → A1 → A2 → A3 → A4 → B,"T-A1, A1-A2, A2-A3",Stable plateau
-0.4,-0.0038866609788170414,-0.4038866609788171,0.6,0.8000000000000003,0.8000000000000003,0.0,0.2000000000000003,0.2000000000000003,True,True,False,T → A1 → A2 → A3 → A4 → B,"T-A1, A1-A2, A2-A3",Stable plateau
-0.4,0.010641453658651316,-0.3893585463413487,0.6,0.8000000000000003,0.8000000000000003,0.0,0.2000000000000003,0.2000000000000003,True,True,False,T → A1 → A2 → A3 → A4 → B,"T-A1, A1-A2, A2-A3",Stable plateau
-0.4,-0.017291425575178376,-0.4172914255751784,0.6,0.8000000000000003,0.8000000000000003,0.0,0.2000000000000003,0.2000000000000003,True,True,False,T → A1 → A2 → A3 → A4 → B,"T-A1, A1-A2, A2-A3",Stable plateau
-0.4,0.0042725752413681345,-0.3957274247586319,0.6,0.8000000000000003,0.8000000000000003,0.0,0.2000000000000003,0.2000000000000003,True,True,False,T → A1 → A2 → A3 → A4 → B,"T-A1, A1-A2, A2-A3",Stable plateau
-0.4,0.014283147599465872,-0.38571685240053416,0.6,0.8000000000000003,0.8000000000000003,0.0,0.2000000000000003,0.2000000000000003,True,True,False,T → A1 → A2 → A3 → A4 → B,"T-A1, A1-A2, A2-A3",Stable plateau
-0.4,0.005133914494523623,-0.3948660855054764,0.6,0.8000000000000003,0.8000000000000003,0.0,0.2000000000000003,0.2000000000000003,True,True,False,T → A1 → A2 → A3 → A4 → B,"T-A1, A1-A2, A2-A3",Stable plateau
-0.4,-0.007146492181859169,-0.40714649218185917,0.6,0.8000000000000003,0.8000000000000003,0.0,0.2000000000000003,0.2000000000000003,True,True,False,T → A1 → A2 → A3 → A4 → B,"T-A1, A1-A2, A2-A3",Stable plateau
-0.4,0.006231842236875566,-0.39376815776312446,0.6,0.8000000000000003,0.8000000000000003,0.0,0.2000000000000003,0.2000000000000003,True,True,False,T → A1 → A2 → A3 → A4 → B,"T-A1, A1-A2, A2-A3",Stable plateau
-0.4,-0.006473886290559569,-0.4064738862905596,0.6,0.8000000000000003,0.8000000000000003,0.0,0.2000000000000003,0.2000000000000003,True,True,False,T → A1 → A2 → A3 → A4 → B,"T-A1, A1-A2, A2-A3",Stable plateau
-0.4,0.0067437115364036015,-0.3932562884635964,0.6,0.8000000000000003,0.8000000000000003,0.0,0.2000000000000003,0.2000000000000003,True,True,False,T → A1 → A2 → A3 → A4 → B,"T-A1, A1-A2, A2-A3",Stable plateau
-0.4,-0.01486622394231786,-0.41486622394231787,0.6,0.8000000000000003,0.8000000000000003,0.0,0.2000000000000003,0.2000000000000003,True,True,False,T → A1 → A2 → A3 → A4 → B,"T-A1, A1-A2, A2-A3",Stable plateau
-0.4,-0.008800330232164293,-0.40880033023216433,0.6,0.8000000000000003,0.8000000000000003,0.0,0.2000000000000003,0.2000000000000003,True,True,False,T → A1 → A2 → A3 → A4 → B,"T-A1, A1-A2, A2-A3",Stable plateau
-0.4,-0.018691264872123386,-0.4186912648721234,0.6,0.8000000000000003,0.8000000000000003,0.0,0.2000000000000003,0.2000000000000003,True,True,False,T → A1 → A2 → A3 → A4 → B,"T-A1, A1-A2, A2-A3",Stable plateau
-0.4,-0.016643624441492366,-0.4166436244414924,0.6,0.8000000000000003,0.8000000000000003,0.0,0.2000000000000003,0.2000000000000003,True,True,False,T → A1 → A2 → A3 → A4 → B,"T-A1, A1-A2, A2-A3",Stable plateau
-0.4,0.0021907847926602615,-0.39780921520733975,0.6,0.8000000000000003,0.8000000000000003,0.0,0.2000000000000003,0.2000000000000003,True,True,False,T → A1 → A2 → A3 → A4 → B,"T-A1, A1-A2, A2-A3",Stable plateau
-0.4,-0.010732071144307711,-0.4107320711443077,0.6,0.8000000000000003,0.8000000000000003,0.0,0.2000000000000003,0.2000000000000003,True,True,False,T → A1 → A2 → A3 → A4 → B,"T-A1, A1-A2, A2-A3",Stable plateau
-0.4,0.0006433035055092746,-0.39935669649449074,0.6,0.8000000000000003,0.8000000000000003,0.0,0.2000000000000003,0.2000000000000003,True,True,False,T → A1 → A2 → A3 → A4 → B,"T-A1, A1-A2, A2-A3",Stable plateau
-0.4,0.006382781322913641,-0.3936172186770864,0.6,0.8000000000000003,0.8000000000000003,0.0,0.2000000000000003,0.2000000000000003,True,True,False,T → A1 → A2 → A3 → A4 → B,"T-A1, A1-A2, A2-A3",Stable plateau
-0.4,0.015247447173980942,-0.38475255282601906,0.6,0.8000000000000003,0.8000000000000003,0.0,0.2000000000000003,0.2000000000000003,True,True,False,T → A1 → A2 → A3 → A4 → B,"T-A1, A1-A2, A2-A3",Stable plateau
-0.4,-0.0057975594164584535,-0.40579755941645845,0.6,0.8000000000000003,0.8000000000000003,0.0,0.2000000000000003,0.2000000000000003,True,True,False,T → A1 → A2 → A3 → A4 → B,"T-A1, A1-A2, A2-A3",Stable plateau
-0.4,-0.007252841342450194,-0.4072528413424502,0.6,0.8000000000000003,0.8000000000000003,0.0,0.2000000000000003,0.2000000000000003,True,True,False,T → A1 → A2 → A3 → A4 → B,"T-A1, A1-A2, A2-A3",Stable plateau
-0.4,-0.0074533303374476785,-0.4074533303374477,0.6,0.8000000000000003,0.8000000000000003,0.0,0.2000000000000003,0.2000000000000003,True,True,False,T → A1 → A2 → A3 → A4 → B,"T-A1, A1-A2, A2-A3",Stable plateau
-0.4,-0.015286014219024188,-0.4152860142190242,0.6,0.8000000000000003,0.8000000000000003,0.0,0.2000000000000003,0.2000000000000003,True,True,False,T → A1 → A2 → A3 → A4 → B,"T-A1, A1-A2, A2-A3",Stable plateau
-0.4,0.006527334586290578,-0.39347266541370945,0.6,0.8000000000000003,0.8000000000000003,0.0,0.2000000000000003,0.2000000000000003,True,True,False,T → A1 → A2 → A3 → A4 → B,"T-A1, A1-A2, A2-A3",Stable plateau
-0.4,0.012786183257488416,-0.3872138167425116,0.6,0.8000000000000003,0.8000000000000003,0.0,0.2000000000000003,0.2000000000000003,True,True,False,T → A1 → A2 → A3 → A4 → B,"T-A1, A1-A2, A2-A3",Stable plateau
-0.4,-0.0010798055654804503,-0.40107980556548045,0.6,0.8000000000000003,0.8000000000000003,0.0,0.2000000000000003,0.2000000000000003,True,True,False,T → A1 → A2 → A3 → A4 → B,"T-A1, A1-A2, A2-A3",Stable plateau
-0.4,0.0023318958779418968,-0.3976681041220581,0.6,0.8000000000000003,0.8000000000000003,0.0,0.2000000000000003,0.2000000000000003,True,True,False,T → A1 → A2 → A3 → A4 → B,"T-A1, A1-A2, A2-A3",Stable plateau
-0.4,0.01833920454782474,-0.3816607954521753,0.6,0.8000000000000003,0.8000000000000003,0.0,0.2000000000000003,0.2000000000000003,True,True,False,T → A1 → A2 → A3 → A4 → B,"T-A1, A1-A2, A2-A3",Stable plateau
-0.4,0.007956606866099544,-0.39204339313390046,0.6,0.8000000000000003,0.8000000000000003,0.0,0.2000000000000003,0.2000000000000003,True,True,False,T → A1 → A2 → A3 → A4 → B,"T-A1, A1-A2, A2-A3",Stable plateau
-0.4,0.009801395465906072,-0.39019860453409394,0.6,0.8000000000000003,0.8000000000000003,0.0,0.2000000000000003,0.2000000000000003,True,True,False,T → A1 → A2 → A3 → A4 → B,"T-A1, A1-A2, A2-A3",Stable plateau
-0.4,0.01557993429218114,-0.3844200657078189,0.6,0.8000000000000003,0.8000000000000003,0.0,0.2000000000000003,0.2000000000000003,True,True,False,T → A1 → A2 → A3 → A4 → B,"T-A1, A1-A2, A2-A3",Stable plateau
-0.4,-0.011368376956635244,-0.41136837695663525,0.6,0.8000000000000003,0.8000000000000003,0.0,0.2000000000000003,0.2000000000000003,True,True,False,T → A1 → A2 → A3 → A4 → B,"T-A1, A1-A2, A2-A3",Stable plateau
-0.4,0.006006642332827626,-0.3939933576671724,0.6,0.8000000000000003,0.8000000000000003,0.0,0.2000000000000003,0.2000000000000003,True,True,False,T → A1 → A2 → A3 → A4 → B,"T-A1, A1-A2, A2-A3",Stable plateau
-0.4,0.008695780213055743,-0.3913042197869443,0.6,0.8000000000000003,0.8000000000000003,0.0,0.2000000000000003,0.2000000000000003,True,True,False,T → A1 → A2 → A3 → A4 → B,"T-A1, A1-A2, A2-A3",Stable plateau
-0.4,0.013689117188941034,-0.38631088281105896,0.6,0.8000000000000003,0.8000000000000003,0.0,0.2000000000000003,0.2000000000000003,True,True,False,T → A1 → A2 → A3 → A4 → B,"T-A1, A1-A2, A2-A3",Stable plateau
-0.4,-0.006248578159924226,-0.40624857815992427,0.6,0.8000000000000003,0.8000000000000003,0.0,0.2000000000000003,0.2000000000000003,True,True,False,T → A1 → A2 → A3 → A4 → B,"T-A1, A1-A2, A2-A3",Stable plateau
-0.4,0.0075517882285219065,-0.3924482117714781,0.6,0.8000000000000003,0.8000000000000003,0.0,0.2000000000000003,0.2000000000000003,True,True,False,T → A1 → A2 → A3 → A4 → B,"T-A1, A1-A2, A2-A3",Stable plateau
-0.4,0.004176024232104232,-0.3958239757678958,0.6,0.8000000000000003,0.8000000000000003,0.0,0.2000000000000003,0.2000000000000003,True,True,False,T → A1 → A2 → A3 → A4 → B,"T-A1, A1-A2, A2-A3",Stable plateau
-0.4,-0.0036255586470933868,-0.40362555864709343,0.6,0.8000000000000003,0.8000000000000003,0.0,0.2000000000000003,0.2000000000000003,True,True,False,T → A1 → A2 → A3 → A4 → B,"T-A1, A1-A2, A2-A3",Stable plateau
-0.4,-0.015932569716713467,-0.4159325697167135,0.6,0.8000000000000003,0.8000000000000003,0.0,0.2000000000000003,0.2000000000000003,True,True,False,T → A1 → A2 → A3 → A4 → B,"T-A1, A1-A2, A2-A3",Stable plateau
-0.4,-0.005878062648674383,-0.40587806264867443,0.6,0.8000000000000003,0.8000000000000003,0.0,0.2000000000000003,0.2000000000000003,True,True,False,T → A1 → A2 → A3 → A4 → B,"T-A1, A1-A2, A2-A3",Stable plateau
-0.4,0.01853938992481915,-0.3814606100751809,0.6,0.8000000000000003,0.8000000000000003,0.0,0.2000000000000003,0.2000000000000003,True,True,False,T → A1 → A2 → A3 → A4 → B,"T-A1, A1-A2, A2-A3",Stable plateau
-0.4,-0.011339059935488059,-0.4113390599354881,0.6,0.8000000000000003,0.8000000000000003,0.0,0.2000000000000003,0.2000000000000003,True,True,False,T → A1 → A2 → A3 → A4 → B,"T-A1, A1-A2, A2-A3",Stable plateau
-0.4,-0.015454480256472976,-0.415454480256473,0.6,0.8000000000000003,0.8000000000000003,0.0,0.2000000000000003,0.2000000000000003,True,True,False,T → A1 → A2 → A3 → A4 → B,"T-A1, A1-A2, A2-A3",Stable plateau
-0.4,-0.00529282301051969,-0.4052928230105197,0.6,0.8000000000000003,0.8000000000000003,0.0,0.2000000000000003,0.2000000000000003,True,True,False,T → A1 → A2 → A3 → A4 → B,"T-A1, A1-A2, A2-A3",Stable plateau
-0.4,-0.015960768315760716,-0.41596076831576073,0.6,0.8000000000000003,0.8000000000000003,0.0,0.2000000000000003,0.2000000000000003,True,True,False,T → A1 → A2 → A3 → A4 → B,"T-A1, A1-A2, A2-A3",Stable plateau
-0.4,-0.009312042726549143,-0.40931204272654914,0.6,0.8000000000000003,0.8000000000000003,0.0,0.2000000000000003,0.2000000000000003,True,True,False,T → A1 → A2 → A3 → A4 → B,"T-A1, A1-A2, A2-A3",Stable plateau
-0.4,0.016578244884116983,-0.38342175511588306,0.6,0.8000000000000003,0.8000000000000003,0.0,0.2000000000000003,0.2000000000000003,True,True,False,T → A1 → A2 → A3 → A4 → B,"T-A1, A1-A2, A2-A3",Stable plateau
-0.4,-0.007248716742176819,-0.40724871674217683,0.6,0.8000000000000003,0.8000000000000003,0.0,0.2000000000000003,0.2000000000000003,True,True,False,T → A1 → A2 → A3 → A4 → B,"T-A1, A1-A2, A2-A3",Stable plateau
-0.4,0.003435580581873033,-0.396564419418127,0.6,0.8000000000000003,0.8000000000000003,0.0,0.2000000000000003,0.2000000000000003,True,True,False,T → A1 → A2 → A3 → A4 → B,"T-A1, A1-A2, A2-A3",Stable plateau
-0.4,-0.010450208817801938,-0.410450208817802,0.6,0.8000000000000003,0.8000000000000003,0.0,0.2000000000000003,0.2000000000000003,True,True,False,T → A1 → A2 → A3 → A4 → B,"T-A1, A1-A2, A2-A3",Stable plateau
-0.4,0.0067191969759401934,-0.3932808030240598,0.6,0.8000000000000003,0.8000000000000003,0.0,0.2000000000000003,0.2000000000000003,True,True,False,T → A1 → A2 → A3 → A4 → B,"T-A1, A1-A2, A2-A3",Stable plateau
-0.4,-0.0148937444934047,-0.4148937444934047,0.6,0.8000000000000003,0.8000000000000003,0.0,0.2000000000000003,0.2000000000000003,True,True,False,T → A1 → A2 → A3 → A4 → B,"T-A1, A1-A2, A2-A3",Stable plateau
-0.4,0.011592375331020196,-0.3884076246689798,0.6,0.8000000000000003,0.8000000000000003,0.0,0.2000000000000003,0.2000000000000003,True,True,False,T → A1 → A2 → A3 → A4 → B,"T-A1, A1-A2, A2-A3",Stable plateau
-0.4,-0.003082158209136286,-0.4030821582091363,0.6,0.8000000000000003,0.8000000000000003,0.0,0.2000000000000003,0.2000000000000003,True,True,False,T → A1 → A2 → A3 → A4 → B,"T-A1, A1-A2, A2-A3",Stable plateau
-0.4,-0.012653584516342749,-0.41265358451634276,0.6,0.8000000000000003,0.8000000000000003,0.0,0.2000000000000003,0.2000000000000003,True,True,False,T → A1 → A2 → A3 → A4 → B,"T-A1, A1-A2, A2-A3",Stable plateau
-0.4,0.010329982625939642,-0.3896700173740604,0.6,0.8000000000000003,0.8000000000000003,0.0,0.2000000000000003,0.2000000000000003,True,True,False,T → A1 → A2 → A3 → A4 → B,"T-A1, A1-A2, A2-A3",Stable plateau
-0.4,0.002171301561089311,-0.3978286984389107,0.6,0.8000000000000003,0.8000000000000003,0.0,0.2000000000000003,0.2000000000000003,True,True,False,T → A1 → A2 → A3 → A4 → B,"T-A1, A1-A2, A2-A3",Stable plateau
-0.4,-0.0024741995867612367,-0.4024741995867613,0.6,0.8000000000000003,0.8000000000000003,0.0,0.2000000000000003,0.2000000000000003,True,True,False,T → A1 → A2 → A3 → A4 → B,"T-A1, A1-A2, A2-A3",Stable plateau
-0.4,-0.010374958327449071,-0.4103749583274491,0.6,0.8000000000000003,0.8000000000000003,0.0,0.2000000000000003,0.2000000000000003,True,True,False,T → A1 → A2 → A3 → A4 → B,"T-A1, A1-A2, A2-A3",Stable plateau
-0.4,0.011254635727788707,-0.3887453642722113,0.6,0.8000000000000003,0.8000000000000003,0.0,0.2000000000000003,0.2000000000000003,True,True,False,T → A1 → A2 → A3 → A4 → B,"T-A1, A1-A2, A2-A3",Stable plateau
-0.4,-0.005388597731861577,-0.4053885977318616,0.6,0.8000000000000003,0.8000000000000003,0.0,0.2000000000000003,0.2000000000000003,True,True,False,T → A1 → A2 → A3 → A4 → B,"T-A1, A1-A2, A2-A3",Stable plateau
-0.4,-0.018276372374616174,-0.4182763723746162,0.6,0.8000000000000003,0.8000000000000003,0.0,0.2000000000000003,0.2000000000000003,True,True,False,T → A1 → A2 → A3 → A4 → B,"T-A1, A1-A2, A2-A3",Stable plateau
-0.4,0.018614770793787202,-0.3813852292062128,0.6,0.8000000000000003,0.8000000000000003,0.0,0.2000000000000003,0.2000000000000003,True,True,False,T → A1 → A2 → A3 → A4 → B,"T-A1, A1-A2, A2-A3",Stable plateau
-0.4,-0.0187814076750042,-0.4187814076750042,0.6,0.8000000000000003,0.8000000000000003,0.0,0.2000000000000003,0.2000000000000003,True,True,False,T → A1 → A2 → A3 → A4 → B,"T-A1, A1-A2, A2-A3",Stable plateau
-0.4,-0.015181236895045035,-0.41518123689504505,0.6,0.8000000000000003,0.8000000000000003,0.0,0.2000000000000003,0.2000000000000003,True,True,False,T → A1 → A2 → A3 → A4 → B,"T-A1, A1-A2, A2-A3",Stable plateau
-0.4,-0.0013674987601848265,-0.40136749876018485,0.6,0.8000000000000003,0.8000000000000003,0.0,0.2000000000000003,0.2000000000000003,True,True,False,T → A1 → A2 → A3 → A4 → B,"T-A1, A1-A2, A2-A3",Stable plateau
-0.4,-0.011685802337122651,-0.41168580233712265,0.6,0.8000000000000003,0.8000000000000003,0.0,0.2000000000000003,0.2000000000000003,True,True,False,T → A1 → A2 → A3 → A4 → B,"T-A1, A1-A2, A2-A3",Stable plateau
-0.4,-0.0065945984965561835,-0.4065945984965562,0.6,0.8000000000000003,0.8000000000000003,0.0,0.2000000000000003,0.2000000000000003,True,True,False,T → A1 → A2 → A3 → A4 → B,"T-A1, A1-A2, A2-A3",Stable plateau
-0.4,0.0027026096773336283,-0.3972973903226664,0.6,0.8000000000000003,0.8000000000000003,0.0,0.2000000000000003,0.2000000000000003,True,True,False,T → A1 → A2 → A3 → A4 → B,"T-A1, A1-A2, A2-A3",Stable plateau
-0.4,0.018313678090358127,-0.3816863219096419,0.6,0.8000000000000003,0.8000000000000003,0.0,0.2000000000000003,0.2000000000000003,True,True,False,T → A1 → A2 → A3 → A4 → B,"T-A1, A1-A2, A2-A3",Stable plateau
-0.4,0.017452488970313793,-0.3825475110296862,0.6,0.8000000000000003,0.8000000000000003,0.0,0.2000000000000003,0.2000000000000003,True,True,False,T → A1 → A2 → A3 → A4 → B,"T-A1, A1-A2, A2-A3",Stable plateau
-0.4,-0.017044160966190592,-0.4170441609661906,0.6,0.8000000000000003,0.8000000000000003,0.0,0.2000000000000003,0.2000000000000003,True,True,False,T → A1 → A2 → A3 → A4 → B,"T-A1, A1-A2, A2-A3",Stable plateau
-0.4,0.014132546250399971,-0.3858674537496001,0.6,0.8000000000000003,0.8000000000000003,0.0,0.2000000000000003,0.2000000000000003,True,True,False,T → A1 → A2 → A3 → A4 → B,"T-A1, A1-A2, A2-A3",Stable plateau
-0.4,-0.013287053794710194,-0.4132870537947102,0.6,0.8000000000000003,0.8000000000000003,0.0,0.2000000000000003,0.2000000000000003,True,True,False,T → A1 → A2 → A3 → A4 → B,"T-A1, A1-A2, A2-A3",Stable plateau
-0.4,0.01245731490012934,-0.38754268509987067,0.6,0.8000000000000003,0.8000000000000003,0.0,0.2000000000000003,0.2000000000000003,True,True,False,T → A1 → A2 → A3 → A4 → B,"T-A1, A1-A2, A2-A3",Stable plateau
-0.4,-0.008146111286072028,-0.40814611128607203,0.6,0.8000000000000003,0.8000000000000003,0.0,0.2000000000000003,0.2000000000000003,True,True,False,T → A1 → A2 → A3 → A4 → B,"T-A1, A1-A2, A2-A3",Stable plateau
-0.4,0.008713374291315926,-0.3912866257086841,0.6,0.8000000000000003,0.8000000000000003,0.0,0.2000000000000003,0.2000000000000003,True,True,False,T → A1 → A2 → A3 → A4 → B,"T-A1, A1-A2, A2-A3",Stable plateau
-0.4,0.00875172820110107,-0.39124827179889893,0.6,0.8000000000000003,0.8000000000000003,0.0,0.2000000000000003,0.2000000000000003,True,True,False,T → A1 → A2 → A3 → A4 → B,"T-A1, A1-A2, A2-A3",Stable plateau
-0.4,0.014022050390254202,-0.3859779496097458,0.6,0.8000000000000003,0.8000000000000003,0.0,0.2000000000000003,0.2000000000000003,True,True,False,T → A1 → A2 → A3 → A4 → B,"T-A1, A1-A2, A2-A3",Stable plateau
-0.4,0.01918503395405974,-0.3808149660459403,0.6,0.8000000000000003,0.8000000000000003,0.0,0.2000000000000003,0.2000000000000003,True,True,False,T → A1 → A2 → A3 → A4 → B,"T-A1, A1-A2, A2-A3",Stable plateau
-0.4,-0.00898076588547993,-0.40898076588547994,0.6,0.8000000000000003,0.8000000000000003,0.0,0.2000000000000003,0.2000000000000003,True,True,False,T → A1 → A2 → A3 → A4 → B,"T-A1, A1-A2, A2-A3",Stable plateau
-0.4,0.005132338346975646,-0.3948676616530244,0.6,0.8000000000000003,0.8000000000000003,0.0,0.2000000000000003,0.2000000000000003,True,True,False,T → A1 → A2 → A3 → A4 → B,"T-A1, A1-A2, A2-A3",Stable plateau
-0.4,0.009570431825481368,-0.3904295681745187,0.6,0.8000000000000003,0.8000000000000003,0.0,0.2000000000000003,0.2000000000000003,True,True,False,T → A1 → A2 → A3 → A4 → B,"T-A1, A1-A2, A2-A3",Stable plateau
-0.4,-0.01681482649697573,-0.41681482649697577,0.6,0.8000000000000003,0.8000000000000003,0.0,0.2000000000000003,0.2000000000000003,True,True,False,T → A1 → A2 → A3 → A4 → B,"T-A1, A1-A2, A2-A3",Stable plateau
-0.4,0.006518453510753957,-0.39348154648924605,0.6,0.8000000000000003,0.8000000000000003,0.0,0.2000000000000003,0.2000000000000003,True,True,False,T → A1 → A2 → A3 → A4 → B,"T-A1, A1-A2, A2-A3",Stable plateau
-0.4,-0.007139379387670081,-0.4071393793876701,0.6,0.8000000000000003,0.8000000000000003,0.0,0.2000000000000003,0.2000000000000003,True,True,False,T → A1 → A2 → A3 → A4 → B,"T-A1, A1-A2, A2-A3",Stable plateau
-0.4,-0.013541238293561967,-0.413541238293562,0.6,0.8000000000000003,0.8000000000000003,0.0,0.2000000000000003,0.2000000000000003,True,True,False,T → A1 → A2 → A3 → A4 → B,"T-A1, A1-A2, A2-A3",Stable plateau
-0.4,0.0019788623133903636,-0.3980211376866097,0.6,0.8000000000000003,0.8000000000000003,0.0,0.2000000000000003,0.2000000000000003,True,True,False,T → A1 → A2 → A3 → A4 → B,"T-A1, A1-A2, A2-A3",Stable plateau
-0.4,-0.0015246561168972932,-0.4015246561168973,0.6,0.8000000000000003,0.8000000000000003,0.0,0.2000000000000003,0.2000000000000003,True,True,False,T → A1 → A2 → A3 → A4 → B,"T-A1, A1-A2, A2-A3",Stable plateau
-0.4,0.0030831933183962414,-0.3969168066816038,0.6,0.8000000000000003,0.8000000000000003,0.0,0.2000000000000003,0.2000000000000003,True,True,False,T → A1 → A2 → A3 → A4 → B,"T-A1, A1-A2, A2-A3",Stable plateau
-0.4,0.005676703616134274,-0.39432329638386576,0.6,0.8000000000000003,0.8000000000000003,0.0,0.2000000000000003,0.2000000000000003,True,True,False,T → A1 → A2 → A3 → A4 → B,"T-A1, A1-A2, A2-A3",Stable plateau
-0.4,-5.324554605993029e-05,-0.40005324554606,0.6,0.8000000000000003,0.8000000000000003,0.0,0.2000000000000003,0.2000000000000003,True,True,False,T → A1 → A2 → A3 → A4 → B,"T-A1, A1-A2, A2-A3",Stable plateau
-0.4,0.016206028297565445,-0.38379397170243457,0.6,0.8000000000000003,0.8000000000000003,0.0,0.2000000000000003,0.2000000000000003,True,True,False,T → A1 → A2 → A3 → A4 → B,"T-A1, A1-A2, A2-A3",Stable plateau
-0.4,-0.012883432064359823,-0.41288343206435985,0.6,0.8000000000000003,0.8000000000000003,0.0,0.2000000000000003,0.2000000000000003,True,True,False,T → A1 → A2 → A3 → A4 → B,"T-A1, A1-A2, A2-A3",Stable plateau
-0.4,-0.008448334039622982,-0.408448334039623,0.6,0.8000000000000003,0.8000000000000003,0.0,0.2000000000000003,0.2000000000000003,True,True,False,T → A1 → A2 → A3 → A4 → B,"T-A1, A1-A2, A2-A3",Stable plateau
-0.4,-0.005751134352796599,-0.40575113435279664,0.6,0.8000000000000003,0.8000000000000003,0.0,0.2000000000000003,0.2000000000000003,True,True,False,T → A1 → A2 → A3 → A4 → B,"T-A1, A1-A2, A2-A3",Stable plateau
-0.1,-0.01967978158376931,-0.11967978158376932,0.745,0.7500000000000002,0.7598398907918849,0.009839890791884631,0.0050000000000002265,0.014839890791884858,True,True,False,T → C1 → C2 → C3 → C4 → B,C2-C3,Near boundary
-0.1,-0.004564697964596612,-0.10456469796459662,0.745,0.7500000000000002,0.7522823489822985,0.002282348982298288,0.0050000000000002265,0.007282348982298514,True,True,False,T → C1 → C2 → C3 → C4 → B,C2-C3,Near boundary
-0.1,-0.01669917537565453,-0.11669917537565454,0.745,0.7500000000000002,0.7583495876878275,0.008349587687827231,0.0050000000000002265,0.013349587687827458,True,True,False,T → C1 → C2 → C3 → C4 → B,C2-C3,Near boundary
-0.1,-8.393656948952471e-05,-0.10008393656948952,0.745,0.7500000000000002,0.750041968284745,4.1968284744786644e-05,0.0050000000000002265,0.005041968284745013,True,True,False,T → C1 → C2 → C3 → C4 → B,C2-C3,Near boundary
-0.1,-0.0020501746617430164,-0.10205017466174301,0.745,0.7500000000000002,0.7510250873308717,0.001025087330871477,0.0050000000000002265,0.0060250873308717035,True,True,False,T → C1 → C2 → C3 → C4 → B,C2-C3,Near boundary
-0.1,0.008217133737013157,-0.09178286626298685,0.745,0.7500000000000002,0.7458914331314936,-0.00410856686850658,0.0050000000000002265,0.0008914331314936463,True,True,False,T → C1 → C2 → C3 → C4 → B,C2-C3,Near boundary
-0.1,-0.008088460511980205,-0.1080884605119802,0.745,0.7500000000000002,0.7540442302559904,0.004044230255990211,0.0050000000000002265,0.009044230255990438,True,True,False,T → C1 → C2 → C3 → C4 → B,C2-C3,Near boundary
-0.1,0.004850587622487988,-0.09514941237751201,0.745,0.7500000000000002,0.7475747061887563,-0.0024252938112439004,0.0050000000000002265,0.002574706188756326,True,True,False,T → C1 → C2 → C3 → C4 → B,C2-C3,Near boundary
-0.1,0.002436093720657905,-0.0975639062793421,0.745,0.7500000000000002,0.7487819531396713,-0.0012180468603288919,0.0050000000000002265,0.0037819531396713346,True,True,False,T → C1 → C2 → C3 → C4 → B,C2-C3,Near boundary
-0.1,-0.016406090007068094,-0.1164060900070681,0.745,0.7500000000000002,0.7582030450035342,0.00820304500353397,0.0050000000000002265,0.013203045003534197,True,True,False,T → C1 → C2 → C3 → C4 → B,C2-C3,Near boundary
-0.1,-0.019642372636738754,-0.11964237263673876,0.745,0.7500000000000002,0.7598211863183697,0.00982118631836948,0.0050000000000002265,0.014821186318369706,True,True,False,T → C1 → C2 → C3 → C4 → B,C2-C3,Near boundary
-0.1,-0.004708781060352557,-0.10470878106035256,0.745,0.7500000000000002,0.7523543905301766,0.0023543905301763868,0.0050000000000002265,0.007354390530176613,True,True,False,T → C1 → C2 → C3 → C4 → B,C2-C3,Near boundary
-0.1,0.01587837294417718,-0.08412162705582282,0.745,0.7500000000000002,0.7420608135279116,-0.007939186472088577,0.0050000000000002265,-0.002939186472088351,True,False,True,T → C1 → C2 → C3 → C4 → B,C2-C3,Near boundary
-0.1,-0.018842869189511908,-0.11884286918951191,0.745,0.7500000000000002,0.7594214345947561,0.009421434594755862,0.0050000000000002265,0.014421434594756088,True,True,False,T → C1 → C2 → C3 → C4 → B,C2-C3,Near boundary
-0.1,0.018459983140702328,-0.08154001685929768,0.745,0.7500000000000002,0.7407700084296491,-0.009229991570351093,0.0050000000000002265,-0.004229991570350866,True,False,True,T → C1 → C2 → C3 → C4 → B,C2-C3,Near boundary
-0.1,0.009808226245221988,-0.09019177375477802,0.745,0.7500000000000002,0.7450958868773891,-0.004904113122611076,0.0050000000000002265,9.58868773891508e-05,True,True,False,T → C1 → C2 → C3 → C4 → B,C2-C3,Near boundary
-0.1,0.008942148828591328,-0.09105785117140867,0.745,0.7500000000000002,0.7455289255857045,-0.004471074414295728,0.0050000000000002265,0.0005289255857044983,True,True,False,T → C1 → C2 → C3 → C4 → B,C2-C3,Near boundary
-0.1,-0.012651634369640554,-0.11265163436964055,0.745,0.7500000000000002,0.7563258171848204,0.0063258171848201705,0.0050000000000002265,0.011325817184820397,True,True,False,T → C1 → C2 → C3 → C4 → B,C2-C3,Near boundary
-0.1,0.003485573103773794,-0.09651442689622622,0.745,0.7500000000000002,0.7482572134481134,-0.0017427865518868657,0.0050000000000002265,0.0032572134481133608,True,True,False,T → C1 → C2 → C3 → C4 → B,C2-C3,Near boundary
-0.1,0.008654306557525481,-0.09134569344247452,0.745,0.7500000000000002,0.7456728467212375,-0.004327153278762763,0.0050000000000002265,0.0006728467212374634,True,True,False,T → C1 → C2 → C3 → C4 → B,C2-C3,Near boundary
-0.1,0.01636312290900244,-0.08363687709099757,0.745,0.7500000000000002,0.7418184385454989,-0.00818156145450133,0.0050000000000002265,-0.003181561454501103,True,False,True,T → C1 → C2 → C3 → C4 → B,C2-C3,Near boundary
-0.1,-0.018352668224122286,-0.1183526682241223,0.745,0.7500000000000002,0.7591763341120614,0.009176334112061202,0.0050000000000002265,0.014176334112061428,True,True,False,T → C1 → C2 → C3 → C4 → B,C2-C3,Near boundary
-0.1,-0.015925921044647615,-0.11592592104464762,0.745,0.7500000000000002,0.7579629605223239,0.007962960522323703,0.0050000000000002265,0.01296296052232393,True,True,False,T → C1 → C2 → C3 → C4 → B,C2-C3,Near boundary
-0.1,0.018792398721717497,-0.08120760127828251,0.745,0.7500000000000002,0.7406038006391416,-0.00939619936085867,0.0050000000000002265,-0.004396199360858444,True,False,True,T → C1 → C2 → C3 → C4 → B,C2-C3,Near boundary
-0.1,0.011843930253008398,-0.08815606974699161,0.745,0.7500000000000002,0.7440780348734961,-0.005921965126504114,0.0050000000000002265,-0.0009219651265038875,True,False,True,T → C1 → C2 → C3 → C4 → B,C2-C3,Near boundary
-0.1,-0.005645835373094857,-0.10564583537309487,0.745,0.7500000000000002,0.7528229176865477,0.0028229176865475214,0.0050000000000002265,0.007822917686547748,True,True,False,T → C1 → C2 → C3 → C4 → B,C2-C3,Near boundary
-0.1,-0.014600227980434904,-0.11460022798043491,0.745,0.7500000000000002,0.7573001139902176,0.0073001139902173495,0.0050000000000002265,0.012300113990217576,True,True,False,T → C1 → C2 → C3 → C4 → B,C2-C3,Near boundary
-0.1,0.005876247033786756,-0.09412375296621325,0.745,0.7500000000000002,0.7470618764831067,-0.002938123516893487,0.0050000000000002265,0.0020618764831067393,True,True,False,T → C1 → C2 → C3 → C4 → B,C2-C3,Near boundary
-0.1,0.016882100085036978,-0.08311789991496303,0.745,0.7500000000000002,0.7415589499574817,-0.008441050042518494,0.0050000000000002265,-0.0034410500425182677,True,False,True,T → C1 → C2 → C3 → C4 → B,C2-C3,Near boundary
-0.1,-0.011642569319929096,-0.11164256931992911,0.745,0.7500000000000002,0.7558212846599648,0.005821284659964565,0.0050000000000002265,0.010821284659964792,True,True,False,T → C1 → C2 → C3 → C4 → B,C2-C3,Near boundary
-0.1,0.009083012675862215,-0.09091698732413779,0.745,0.7500000000000002,0.7454584936620692,-0.004541506337931045,0.0050000000000002265,0.0004584936620691815,True,True,False,T → C1 → C2 → C3 → C4 → B,C2-C3,Near boundary
-0.1,-0.012624353988965527,-0.11262435398896553,0.745,0.7500000000000002,0.7563121769944829,0.006312176994482721,0.0050000000000002265,0.011312176994482948,True,True,False,T → C1 → C2 → C3 → C4 → B,C2-C3,Near boundary
-0.1,0.008948835788395892,-0.09105116421160411,0.745,0.7500000000000002,0.7455255821058022,-0.004474417894198002,0.0050000000000002265,0.0005255821058022248,True,True,False,T → C1 → C2 → C3 → C4 → B,C2-C3,Near boundary
-0.1,-0.014410097810353593,-0.1144100978103536,0.745,0.7500000000000002,0.7572050489051769,0.007205048905176703,0.0050000000000002265,0.01220504890517693,True,True,False,T → C1 → C2 → C3 → C4 → B,C2-C3,Near boundary
-0.1,0.019654661755010714,-0.0803453382449893,0.745,0.7500000000000002,0.7401726691224948,-0.009827330877505425,0.0050000000000002265,-0.004827330877505198,True,False,True,T → C1 → C2 → C3 → C4 → B,C2-C3,Near boundary
-0.1,-0.018045977466494164,-0.11804597746649417,0.745,0.7500000000000002,0.7590229887332474,0.00902298873324714,0.0050000000000002265,0.014022988733247366,True,True,False,T → C1 → C2 → C3 → C4 → B,C2-C3,Near boundary
-0.1,-0.005698622556332848,-0.10569862255633286,0.745,0.7500000000000002,0.7528493112781667,0.0028493112781664554,0.0050000000000002265,0.007849311278166682,True,True,False,T → C1 → C2 → C3 → C4 → B,C2-C3,Near boundary
-0.1,0.005646523023454409,-0.0943534769765456,0.745,0.7500000000000002,0.747176738488273,-0.002823261511727182,0.0050000000000002265,0.0021767384882730445,True,True,False,T → C1 → C2 → C3 → C4 → B,C2-C3,Near boundary
-0.1,0.004848503752973063,-0.09515149624702694,0.745,0.7500000000000002,0.7475757481235137,-0.0024242518764865384,0.0050000000000002265,0.002575748123513688,True,True,False,T → C1 → C2 → C3 → C4 → B,C2-C3,Near boundary
-0.1,-0.013173740281543844,-0.11317374028154385,0.745,0.7500000000000002,0.7565868701407721,0.006586870140771861,0.0050000000000002265,0.011586870140772088,True,True,False,T → C1 → C2 → C3 → C4 → B,C2-C3,Near boundary
-0.1,-0.01602452371687707,-0.11602452371687708,0.745,0.7500000000000002,0.7580122618584388,0.008012261858438618,0.0050000000000002265,0.013012261858438845,True,True,False,T → C1 → C2 → C3 → C4 → B,C2-C3,Near boundary
-0.1,-0.007856329229026668,-0.10785632922902667,0.745,0.7500000000000002,0.7539281646145135,0.003928164614513285,0.0050000000000002265,0.008928164614513512,True,True,False,T → C1 → C2 → C3 → C4 → B,C2-C3,Near boundary
-0.1,-0.011191800554495295,-0.1111918005544953,0.745,0.7500000000000002,0.7555959002772479,0.005595900277247656,0.0050000000000002265,0.010595900277247883,True,True,False,T → C1 → C2 → C3 → C4 → B,C2-C3,Near boundary
-0.1,0.009484655835077165,-0.09051534416492284,0.745,0.7500000000000002,0.7452576720824617,-0.00474232791753848,0.0050000000000002265,0.0002576720824617462,True,True,False,T → C1 → C2 → C3 → C4 → B,C2-C3,Near boundary
-0.1,-0.006364580940074926,-0.10636458094007493,0.745,0.7500000000000002,0.7531822904700376,0.0031822904700373744,0.0050000000000002265,0.008182290470037601,True,True,False,T → C1 → C2 → C3 → C4 → B,C2-C3,Near boundary
-0.1,0.0073403508885590205,-0.09265964911144098,0.745,0.7500000000000002,0.7463298245557206,-0.003670175444279611,0.0050000000000002265,0.0013298245557206156,True,True,False,T → C1 → C2 → C3 → C4 → B,C2-C3,Near boundary
-0.1,0.01892368412680984,-0.08107631587319017,0.745,0.7500000000000002,0.7405381579365953,-0.009461842063404946,0.0050000000000002265,-0.0044618420634047196,True,False,True,T → C1 → C2 → C3 → C4 → B,C2-C3,Near boundary
-0.1,0.007685220832958379,-0.09231477916704163,0.745,0.7500000000000002,0.746157389583521,-0.003842610416479264,0.0050000000000002265,0.0011573895835209624,True,True,False,T → C1 → C2 → C3 → C4 → B,C2-C3,Near boundary
-0.1,-0.005851606596970425,-0.10585160659697043,0.745,0.7500000000000002,0.7529258032984854,0.00292580329848513,0.0050000000000002265,0.007925803298485357,True,True,False,T → C1 → C2 → C3 → C4 → B,C2-C3,Near boundary
-0.1,0.007762904551381865,-0.09223709544861813,0.745,0.7500000000000002,0.7461185477243093,-0.003881452275690922,0.0050000000000002265,0.0011185477243093045,True,True,False,T → C1 → C2 → C3 → C4 → B,C2-C3,Near boundary
-0.1,0.015599380731769887,-0.08440061926823011,0.745,0.7500000000000002,0.7422003096341152,-0.007799690365885015,0.0050000000000002265,-0.0027996903658847883,True,False,True,T → C1 → C2 → C3 → C4 → B,C2-C3,Near boundary
-0.1,-0.0011515391266663337,-0.10115153912666634,0.745,0.7500000000000002,0.7505757695633335,0.0005757695633332727,0.0050000000000002265,0.005575769563333499,True,True,False,T → C1 → C2 → C3 → C4 → B,C2-C3,Near boundary
-0.1,0.003030752487613718,-0.09696924751238628,0.745,0.7500000000000002,0.7484846237561933,-0.0015153762438069318,0.0050000000000002265,0.0034846237561932947,True,True,False,T → C1 → C2 → C3 → C4 → B,C2-C3,Near boundary
-0.1,-0.008592780950774209,-0.10859278095077421,0.745,0.7500000000000002,0.7542963904753874,0.004296390475387213,0.0050000000000002265,0.00929639047538744,True,True,False,T → C1 → C2 → C3 → C4 → B,C2-C3,Near boundary
-0.1,0.006787582926793729,-0.09321241707320628,0.745,0.7500000000000002,0.7466062085366034,-0.0033937914633968003,0.0050000000000002265,0.0016062085366034262,True,True,False,T → C1 → C2 → C3 → C4 → B,C2-C3,Near boundary
-0.1,-0.011798300587610068,-0.11179830058761007,0.745,0.7500000000000002,0.7558991502938053,0.0058991502938050555,0.0050000000000002265,0.010899150293805282,True,True,False,T → C1 → C2 → C3 → C4 → B,C2-C3,Near boundary
-0.1,0.00904599700067613,-0.09095400299932388,0.745,0.7500000000000002,0.7454770014996621,-0.004522998500338105,0.0050000000000002265,0.0004770014996621219,True,True,False,T → C1 → C2 → C3 → C4 → B,C2-C3,Near boundary
-0.1,0.017858355021709727,-0.08214164497829028,0.745,0.7500000000000002,0.7410708224891454,-0.008929177510854869,0.0050000000000002265,-0.003929177510854642,True,False,True,T → C1 → C2 → C3 → C4 → B,C2-C3,Near boundary
-0.1,0.009406459185863109,-0.0905935408141369,0.745,0.7500000000000002,0.7452967704070688,-0.004703229592931457,0.0050000000000002265,0.00029677040706876934,True,True,False,T → C1 → C2 → C3 → C4 → B,C2-C3,Near boundary
-0.1,-0.013437952709208983,-0.11343795270920899,0.745,0.7500000000000002,0.7567189763546047,0.0067189763546045,0.0050000000000002265,0.011718976354604727,True,True,False,T → C1 → C2 → C3 → C4 → B,C2-C3,Near boundary
-0.1,-0.01375972356884743,-0.11375972356884743,0.745,0.7500000000000002,0.7568798617844239,0.00687986178442368,0.0050000000000002265,0.011879861784423906,True,True,False,T → C1 → C2 → C3 → C4 → B,C2-C3,Near boundary
-0.1,0.015510093814291078,-0.08448990618570892,0.745,0.7500000000000002,0.7422449530928548,-0.0077550469071454575,0.0050000000000002265,-0.002755046907145231,True,False,True,T → C1 → C2 → C3 → C4 → B,C2-C3,Near boundary
-0.1,0.005769093797202335,-0.09423090620279767,0.745,0.7500000000000002,0.747115453101399,-0.0028845468986011813,0.0050000000000002265,0.002115453101399045,True,True,False,T → C1 → C2 → C3 → C4 → B,C2-C3,Near boundary
-0.1,-0.015838466955755127,-0.11583846695575513,0.745,0.7500000000000002,0.7579192334778777,0.007919233477877485,0.0050000000000002265,0.012919233477877712,True,True,False,T → C1 → C2 → C3 → C4 → B,C2-C3,Near boundary
-0.1,0.014202068236518605,-0.0857979317634814,0.745,0.7500000000000002,0.7428989658817409,-0.007101034118259353,0.0050000000000002265,-0.0021010341182591263,True,False,True,T → C1 → C2 → C3 → C4 → B,C2-C3,Near boundary
-0.1,0.00273884059057479,-0.09726115940942522,0.745,0.7500000000000002,0.7486305797047128,-0.0013694202952874157,0.0050000000000002265,0.0036305797047128108,True,True,False,T → C1 → C2 → C3 → C4 → B,C2-C3,Near boundary
-0.1,-0.003474788256142669,-0.10347478825614267,0.745,0.7500000000000002,0.7517373941280716,0.00173739412807139,0.0050000000000002265,0.0067373941280716165,True,True,False,T → C1 → C2 → C3 → C4 → B,C2-C3,Near boundary
-0.1,0.01274324711234313,-0.08725675288765687,0.745,0.7500000000000002,0.7436283764438287,-0.006371623556171491,0.0050000000000002265,-0.0013716235561712642,True,False,True,T → C1 → C2 → C3 → C4 → B,C2-C3,Near boundary
-0.1,0.0006242829602744852,-0.09937571703972552,0.745,0.7500000000000002,0.749687858519863,-0.0003121414801372513,0.0050000000000002265,0.004687858519862975,True,True,False,T → C1 → C2 → C3 → C4 → B,C2-C3,Near boundary
-0.1,0.009963174031874664,-0.09003682596812534,0.745,0.7500000000000002,0.7450184129840629,-0.0049815870159373166,0.0050000000000002265,1.841298406290992e-05,True,True,False,T → C1 → C2 → C3 → C4 → B,C2-C3,Near boundary
-0.1,-0.007335455470782182,-0.10733545547078219,0.745,0.7500000000000002,0.7536677277353914,0.0036677277353911464,0.0050000000000002265,0.008667727735391373,True,True,False,T → C1 → C2 → C3 → C4 → B,C2-C3,Near boundary
-0.1,-0.019020748611229234,-0.11902074861122924,0.745,0.7500000000000002,0.7595103743056149,0.009510374305614633,0.0050000000000002265,0.01451037430561486,True,True,False,T → C1 → C2 → C3 → C4 → B,C2-C3,Near boundary
-0.1,-0.0111391237074328,-0.11113912370743281,0.745,0.7500000000000002,0.7555695618537166,0.005569561853716376,0.0050000000000002265,0.010569561853716603,True,True,False,T → C1 → C2 → C3 → C4 → B,C2-C3,Near boundary
-0.1,0.006994847625207759,-0.09300515237479225,0.745,0.7500000000000002,0.7465025761873962,-0.0034974238126039836,0.0050000000000002265,0.0015025761873962429,True,True,False,T → C1 → C2 → C3 → C4 → B,C2-C3,Near boundary
-0.1,-0.0002099057238568701,-0.10020990572385688,0.745,0.7500000000000002,0.7501049528619286,0.00010495286192835351,0.0050000000000002265,0.00510495286192858,True,True,False,T → C1 → C2 → C3 → C4 → B,C2-C3,Near boundary
-0.1,0.007529743642572782,-0.09247025635742723,0.745,0.7500000000000002,0.7462351281787138,-0.003764871821286375,0.0050000000000002265,0.0012351281787138513,True,True,False,T → C1 → C2 → C3 → C4 → B,C2-C3,Near boundary
-0.1,0.0035783169882091445,-0.09642168301179085,0.745,0.7500000000000002,0.7482108415058957,-0.001789158494104548,0.0050000000000002265,0.0032108415058956785,True,True,False,T → C1 → C2 → C3 → C4 → B,C2-C3,Near boundary
-0.1,0.006957432809446572,-0.09304256719055343,0.745,0.7500000000000002,0.746521283595277,-0.003478716404723192,0.0050000000000002265,0.0015212835952770343,True,True,False,T → C1 → C2 → C3 → C4 → B,C2-C3,Near boundary
-0.1,-0.00519084794784507,-0.10519084794784507,0.745,0.7500000000000002,0.7525954239739228,0.0025954239739225393,0.0050000000000002265,0.007595423973922766,True,True,False,T → C1 → C2 → C3 → C4 → B,C2-C3,Near boundary
-0.1,-0.0096368736445018,-0.10963687364450181,0.745,0.7500000000000002,0.754818436822251,0.0048184368222508045,0.0050000000000002265,0.009818436822251031,True,True,False,T → C1 → C2 → C3 → C4 → B,C2-C3,Near boundary
-0.1,0.007236039202741868,-0.09276396079725814,0.745,0.7500000000000002,0.7463819803986294,-0.00361801960137087,0.0050000000000002265,0.0013819803986293566,True,True,False,T → C1 → C2 → C3 → C4 → B,C2-C3,Near boundary
-0.1,0.005937962597778564,-0.09406203740222144,0.745,0.7500000000000002,0.7470310187011109,-0.0029689812988893394,0.0050000000000002265,0.002031018701110887,True,True,False,T → C1 → C2 → C3 → C4 → B,C2-C3,Near boundary
-0.1,-0.019500491158022083,-0.11950049115802208,0.745,0.7500000000000002,0.7597502455790113,0.009750245579011052,0.0050000000000002265,0.014750245579011279,True,True,False,T → C1 → C2 → C3 → C4 → B,C2-C3,Near boundary
-0.1,0.0038374639192739306,-0.09616253608072607,0.745,0.7500000000000002,0.7480812680403632,-0.0019187319596369878,0.0050000000000002265,0.0030812680403632386,True,True,False,T → C1 → C2 → C3 → C4 → B,C2-C3,Near boundary
-0.1,-0.008470998347370235,-0.10847099834737024,0.745,0.7500000000000002,0.7542354991736853,0.004235499173685042,0.0050000000000002265,0.009235499173685269,True,True,False,T → C1 → C2 → C3 → C4 → B,C2-C3,Near boundary
-0.1,0.018360670096596223,-0.08163932990340378,0.745,0.7500000000000002,0.740819664951702,-0.009180335048298183,0.0050000000000002265,-0.004180335048297956,True,False,True,T → C1 → C2 → C3 → C4 → B,C2-C3,Near boundary
-0.1,-0.014059577850459585,-0.11405957785045959,0.745,0.7500000000000002,0.75702978892523,0.007029788925229763,0.0050000000000002265,0.01202978892522999,True,True,False,T → C1 → C2 → C3 → C4 → B,C2-C3,Near boundary
-0.1,0.0007865692226499098,-0.09921343077735009,0.745,0.7500000000000002,0.7496067153886752,-0.0003932846113250399,0.0050000000000002265,0.004606715388675187,True,True,False,T → C1 → C2 → C3 → C4 → B,C2-C3,Near boundary
-0.1,-0.005630832156423349,-0.10563083215642335,0.745,0.7500000000000002,0.7528154160782119,0.0028154160782116744,0.0050000000000002265,0.007815416078211901,True,True,False,T → C1 → C2 → C3 → C4 → B,C2-C3,Near boundary
-0.1,0.0019372925316582315,-0.09806270746834178,0.745,0.7500000000000002,0.7490313537341711,-0.0009686462658291539,0.0050000000000002265,0.004031353734171073,True,True,False,T → C1 → C2 → C3 → C4 → B,C2-C3,Near boundary
-0.1,0.009985427948572472,-0.09001457205142753,0.745,0.7500000000000002,0.745007286025714,-0.004992713974286245,0.0050000000000002265,7.286025713981736e-06,True,True,False,T → C1 → C2 → C3 → C4 → B,C2-C3,Near boundary
-0.1,0.011891233064354061,-0.08810876693564594,0.745,0.7500000000000002,0.7440543834678233,-0.005945616532176956,0.0050000000000002265,-0.0009456165321767296,True,False,True,T → C1 → C2 → C3 → C4 → B,C2-C3,Near boundary
-0.1,-0.009785770049787925,-0.10978577004978793,0.745,0.7500000000000002,0.7548928850248942,0.004892885024893934,0.0050000000000002265,0.00989288502489416,True,True,False,T → C1 → C2 → C3 → C4 → B,C2-C3,Near boundary
-0.1,0.003273054725778393,-0.09672694527422161,0.745,0.7500000000000002,0.7483634726371111,-0.0016365273628891064,0.0050000000000002265,0.00336347263711112,True,True,False,T → C1 → C2 → C3 → C4 → B,C2-C3,Near boundary
-0.1,0.008583602427828262,-0.09141639757217174,0.745,0.7500000000000002,0.7457081987860861,-0.004291801213914148,0.0050000000000002265,0.0007081987860860783,True,True,False,T → C1 → C2 → C3 → C4 → B,C2-C3,Near boundary
-0.1,0.006777461256594407,-0.0932225387434056,0.745,0.7500000000000002,0.7466112693717031,-0.003388730628297143,0.0050000000000002265,0.0016112693717030835,True,True,False,T → C1 → C2 → C3 → C4 → B,C2-C3,Near boundary
-0.1,0.018199466078131218,-0.08180053392186878,0.745,0.7500000000000002,0.7409002669609346,-0.009099733039065638,0.0050000000000002265,-0.004099733039065412,True,False,True,T → C1 → C2 → C3 → C4 → B,C2-C3,Near boundary
-0.1,0.0034271357801122955,-0.09657286421988771,0.745,0.7500000000000002,0.748286432109944,-0.0017135678900561668,0.0050000000000002265,0.0032864321099440597,True,True,False,T → C1 → C2 → C3 → C4 → B,C2-C3,Near boundary
-0.1,0.007163138761739553,-0.09283686123826046,0.745,0.7500000000000002,0.7464184306191304,-0.0035815693808698423,0.0050000000000002265,0.0014184306191303842,True,True,False,T → C1 → C2 → C3 → C4 → B,C2-C3,Near boundary
-0.1,-0.019346088319421095,-0.1193460883194211,0.745,0.7500000000000002,0.7596730441597108,0.009673044159710598,0.0050000000000002265,0.014673044159710824,True,True,False,T → C1 → C2 → C3 → C4 → B,C2-C3,Near boundary
-0.1,-0.014073004244193471,-0.11407300424419348,0.745,0.7500000000000002,0.757036502122097,0.007036502122096833,0.0050000000000002265,0.01203650212209706,True,True,False,T → C1 → C2 → C3 → C4 → B,C2-C3,Near boundary
-0.1,-0.01139977359900001,-0.11139977359900001,0.745,0.7500000000000002,0.7556998867995002,0.005699886799499954,0.0050000000000002265,0.01069988679950018,True,True,False,T → C1 → C2 → C3 → C4 → B,C2-C3,Near boundary
-0.1,-0.005038185883586399,-0.1050381858835864,0.745,0.7500000000000002,0.7525190929417933,0.0025190929417930885,0.0050000000000002265,0.007519092941793315,True,True,False,T → C1 → C2 → C3 → C4 → B,C2-C3,Near boundary
-0.1,-0.011292371780558237,-0.11129237178055824,0.745,0.7500000000000002,0.7556461858902794,0.0056461858902792095,0.0050000000000002265,0.010646185890279436,True,True,False,T → C1 → C2 → C3 → C4 → B,C2-C3,Near boundary
-0.1,0.003437856572381822,-0.09656214342761818,0.745,0.7500000000000002,0.7482810717138093,-0.0017189282861909128,0.0050000000000002265,0.0032810717138093137,True,True,False,T → C1 → C2 → C3 → C4 → B,C2-C3,Near boundary
-0.1,-0.013817094306364127,-0.11381709430636414,0.745,0.7500000000000002,0.7569085471531822,0.00690854715318201,0.0050000000000002265,0.011908547153182236,True,True,False,T → C1 → C2 → C3 → C4 → B,C2-C3,Near boundary
-0.1,0.001516596210149452,-0.09848340378985056,0.745,0.7500000000000002,0.7492417018949256,-0.0007582981050746618,0.0050000000000002265,0.004241701894925565,True,True,False,T → C1 → C2 → C3 → C4 → B,C2-C3,Near boundary
-0.1,-0.010990154593663549,-0.11099015459366356,0.745,0.7500000000000002,0.7554950772968321,0.005495077296831852,0.0050000000000002265,0.010495077296832078,True,True,False,T → C1 → C2 → C3 → C4 → B,C2-C3,Near boundary
-0.1,0.014053846545783944,-0.08594615345421606,0.745,0.7500000000000002,0.7429730767271083,-0.007026923272891894,0.0050000000000002265,-0.0020269232728916675,True,False,True,T → C1 → C2 → C3 → C4 → B,C2-C3,Near boundary
-0.1,-0.019093145381701412,-0.11909314538170142,0.745,0.7500000000000002,0.759546572690851,0.009546572690850796,0.0050000000000002265,0.014546572690851023,True,True,False,T → C1 → C2 → C3 → C4 → B,C2-C3,Near boundary
-0.1,-0.01871475365118518,-0.11871475365118518,0.745,0.7500000000000002,0.7593573768255928,0.009357376825592567,0.0050000000000002265,0.014357376825592794,True,True,False,T → C1 → C2 → C3 → C4 → B,C2-C3,Near boundary
-0.1,0.0007067156259808194,-0.09929328437401919,0.745,0.7500000000000002,0.7496466421870098,-0.0003533578129903958,0.0050000000000002265,0.004646642187009831,True,True,False,T → C1 → C2 → C3 → C4 → B,C2-C3,Near boundary
-0.1,-0.015497295432824375,-0.11549729543282439,0.745,0.7500000000000002,0.7577486477164124,0.007748647716412149,0.0050000000000002265,0.012748647716412376,True,True,False,T → C1 → C2 → C3 → C4 → B,C2-C3,Near boundary
-0.1,0.0006613381493468622,-0.09933866185065314,0.745,0.7500000000000002,0.7496693309253268,-0.00033066907467338424,0.0050000000000002265,0.004669330925326842,True,True,False,T → C1 → C2 → C3 → C4 → B,C2-C3,Near boundary
-0.1,-0.016437971087103348,-0.11643797108710335,0.745,0.7500000000000002,0.7582189855435519,0.008218985543551716,0.0050000000000002265,0.013218985543551942,True,True,False,T → C1 → C2 → C3 → C4 → B,C2-C3,Near boundary
-0.1,0.012213317979583038,-0.08778668202041696,0.745,0.7500000000000002,0.7438933410102087,-0.006106658989791569,0.0050000000000002265,-0.0011066589897913426,True,False,True,T → C1 → C2 → C3 → C4 → B,C2-C3,Near boundary
-0.1,0.011628124015777102,-0.0883718759842229,0.745,0.7500000000000002,0.7441859379921116,-0.005814062007888587,0.0050000000000002265,-0.0008140620078883609,True,False,True,T → C1 → C2 → C3 → C4 → B,C2-C3,Near boundary
-0.1,-0.004039372385738843,-0.10403937238573885,0.745,0.7500000000000002,0.7520196861928696,0.0020196861928694076,0.0050000000000002265,0.007019686192869634,True,True,False,T → C1 → C2 → C3 → C4 → B,C2-C3,Near boundary
-0.1,-0.011783699428764779,-0.11178369942876479,0.745,0.7500000000000002,0.7558918497143825,0.00589184971438228,0.0050000000000002265,0.010891849714382507,True,True,False,T → C1 → C2 → C3 → C4 → B,C2-C3,Near boundary
-0.1,-0.007420425800570873,-0.10742042580057087,0.745,0.7500000000000002,0.7537102129002857,0.0037102129002855033,0.0050000000000002265,0.00871021290028573,True,True,False,T → C1 → C2 → C3 → C4 → B,C2-C3,Near boundary
-0.1,0.01301684305543718,-0.08698315694456282,0.745,0.7500000000000002,0.7434915784722815,-0.0065084215277186885,0.0050000000000002265,-0.001508421527718462,True,False,True,T → C1 → C2 → C3 → C4 → B,C2-C3,Near boundary
-0.1,-0.012271512258974285,-0.11227151225897429,0.745,0.7500000000000002,0.7561357561294875,0.0061357561294872465,0.0050000000000002265,0.011135756129487473,True,True,False,T → C1 → C2 → C3 → C4 → B,C2-C3,Near boundary
-0.1,0.017979702222415867,-0.08202029777758414,0.745,0.7500000000000002,0.7410101488887924,-0.00898985111120787,0.0050000000000002265,-0.003989851111207643,True,False,True,T → C1 → C2 → C3 → C4 → B,C2-C3,Near boundary
-0.1,0.004025987653009953,-0.09597401234699005,0.745,0.7500000000000002,0.7479870061734952,-0.002012993826504994,0.0050000000000002265,0.0029870061734952325,True,True,False,T → C1 → C2 → C3 → C4 → B,C2-C3,Near boundary
-0.1,0.01760771259424818,-0.08239228740575183,0.745,0.7500000000000002,0.7411961437028762,-0.008803856297123991,0.0050000000000002265,-0.0038038562971237644,True,False,True,T → C1 → C2 → C3 → C4 → B,C2-C3,Near boundary
-0.1,-0.014913092949784464,-0.11491309294978447,0.745,0.7500000000000002,0.7574565464748924,0.007456546474892134,0.0050000000000002265,0.01245654647489236,True,True,False,T → C1 → C2 → C3 → C4 → B,C2-C3,Near boundary
-0.1,-0.01718923013116858,-0.11718923013116858,0.745,0.7500000000000002,0.7585946150655845,0.008594615065584232,0.0050000000000002265,0.013594615065584459,True,True,False,T → C1 → C2 → C3 → C4 → B,C2-C3,Near boundary
-0.1,-0.01721539255401327,-0.11721539255401328,0.745,0.7500000000000002,0.7586076962770067,0.008607696277006527,0.0050000000000002265,0.013607696277006753,True,True,False,T → C1 → C2 → C3 → C4 → B,C2-C3,Near boundary
-0.1,-0.013669088643240571,-0.11366908864324057,0.745,0.7500000000000002,0.7568345443216205,0.006834544321620228,0.0050000000000002265,0.011834544321620455,True,True,False,T → C1 → C2 → C3 → C4 → B,C2-C3,Near boundary
-0.1,-0.014818616392744581,-0.11481861639274459,0.745,0.7500000000000002,0.7574093081963724,0.0074093081963722,0.0050000000000002265,0.012409308196372426,True,True,False,T → C1 → C2 → C3 → C4 → B,C2-C3,Near boundary
-0.1,0.01843850409852928,-0.08156149590147073,0.745,0.7500000000000002,0.7407807479507356,-0.009219252049264659,0.0050000000000002265,-0.0042192520492644325,True,False,True,T → C1 → C2 → C3 → C4 → B,C2-C3,Near boundary
-0.1,0.016179865477931214,-0.0838201345220688,0.745,0.7500000000000002,0.7419100672610346,-0.008089932738965633,0.0050000000000002265,-0.0030899327389654063,True,False,True,T → C1 → C2 → C3 → C4 → B,C2-C3,Near boundary
-0.1,-0.003960414678622039,-0.10396041467862205,0.745,0.7500000000000002,0.7519802073393111,0.0019802073393109243,0.0050000000000002265,0.006980207339311151,True,True,False,T → C1 → C2 → C3 → C4 → B,C2-C3,Near boundary
-0.1,0.004555020433986579,-0.09544497956601343,0.745,0.7500000000000002,0.747722489783007,-0.002277510216993184,0.0050000000000002265,0.0027224897830070427,True,True,False,T → C1 → C2 → C3 → C4 → B,C2-C3,Near boundary
-0.1,-0.014661056251651906,-0.1146610562516519,0.745,0.7500000000000002,0.7573305281258262,0.007330528125826019,0.0050000000000002265,0.012330528125826246,True,True,False,T → C1 → C2 → C3 → C4 → B,C2-C3,Near boundary
-0.1,0.017573223334310033,-0.08242677666568997,0.745,0.7500000000000002,0.7412133883328451,-0.008786611667155109,0.0050000000000002265,-0.003786611667154882,True,False,True,T → C1 → C2 → C3 → C4 → B,C2-C3,Near boundary
-0.1,-0.01887069501499266,-0.11887069501499267,0.745,0.7500000000000002,0.7594353475074966,0.009435347507496417,0.0050000000000002265,0.014435347507496643,True,True,False,T → C1 → C2 → C3 → C4 → B,C2-C3,Near boundary
-0.1,0.009071076404163617,-0.09092892359583639,0.745,0.7500000000000002,0.7454644617979185,-0.004535538202081746,0.0050000000000002265,0.00046446179791848063,True,True,False,T → C1 → C2 → C3 → C4 → B,C2-C3,Near boundary
-0.1,-0.0010916364690272268,-0.10109163646902723,0.745,0.7500000000000002,0.7505458182345139,0.0005458182345137175,0.0050000000000002265,0.005545818234513944,True,True,False,T → C1 → C2 → C3 → C4 → B,C2-C3,Near boundary
-0.1,-0.01750666909768172,-0.11750666909768173,0.745,0.7500000000000002,0.7587533345488411,0.008753334548840863,0.0050000000000002265,0.01375333454884109,True,True,False,T → C1 → C2 → C3 → C4 → B,C2-C3,Near boundary
-0.1,0.01920177964650188,-0.08079822035349812,0.745,0.7500000000000002,0.7403991101767493,-0.009600889823250913,0.0050000000000002265,-0.004600889823250687,True,False,True,T → C1 → C2 → C3 → C4 → B,C2-C3,Near boundary
-0.1,-0.007471440315780984,-0.10747144031578099,0.745,0.7500000000000002,0.7537357201578907,0.0037357201578904764,0.0050000000000002265,0.008735720157890703,True,True,False,T → C1 → C2 → C3 → C4 → B,C2-C3,Near boundary
-0.1,-0.014940373374633355,-0.11494037337463336,0.745,0.7500000000000002,0.7574701866873168,0.007470186687316582,0.0050000000000002265,0.012470186687316809,True,True,False,T → C1 → C2 → C3 → C4 → B,C2-C3,Near boundary
-0.1,0.004278816228803599,-0.0957211837711964,0.745,0.7500000000000002,0.7478605918855985,-0.0021394081144017196,0.0050000000000002265,0.002860591885598507,True,True,False,T → C1 → C2 → C3 → C4 → B,C2-C3,Near boundary
-0.1,-0.018812918793016557,-0.11881291879301656,0.745,0.7500000000000002,0.7594064593965084,0.009406459396508193,0.0050000000000002265,0.01440645939650842,True,True,False,T → C1 → C2 → C3 → C4 → B,C2-C3,Near boundary
-0.1,-0.006554722046196506,-0.10655472204619651,0.745,0.7500000000000002,0.7532773610230985,0.0032773610230982797,0.0050000000000002265,0.008277361023098506,True,True,False,T → C1 → C2 → C3 → C4 → B,C2-C3,Near boundary
-0.1,0.01843055775837651,-0.08156944224162349,0.745,0.7500000000000002,0.7407847211208121,-0.00921527887918816,0.0050000000000002265,-0.004215278879187934,True,False,True,T → C1 → C2 → C3 → C4 → B,C2-C3,Near boundary
-0.1,0.015074980591239132,-0.08492501940876088,0.745,0.7500000000000002,0.7424625097043807,-0.007537490295619564,0.0050000000000002265,-0.002537490295619338,True,False,True,T → C1 → C2 → C3 → C4 → B,C2-C3,Near boundary
-0.1,-0.010393150861738287,-0.11039315086173829,0.745,0.7500000000000002,0.7551965754308694,0.005196575430869155,0.0050000000000002265,0.010196575430869381,True,True,False,T → C1 → C2 → C3 → C4 → B,C2-C3,Near boundary
-0.1,0.0023135041060271394,-0.09768649589397287,0.745,0.7500000000000002,0.7488432479469866,-0.0011567520530135766,0.0050000000000002265,0.00384324794698665,True,True,False,T → C1 → C2 → C3 → C4 → B,C2-C3,Near boundary
-0.1,0.011614320583850899,-0.08838567941614911,0.745,0.7500000000000002,0.7441928397080748,-0.005807160291925406,0.0050000000000002265,-0.0008071602919251797,True,False,True,T → C1 → C2 → C3 → C4 → B,C2-C3,Near boundary
-0.1,0.019551810661807962,-0.08044818933819205,0.745,0.7500000000000002,0.7402240946690963,-0.009775905330903889,0.0050000000000002265,-0.0047759053309036625,True,False,True,T → C1 → C2 → C3 → C4 → B,C2-C3,Near boundary
-0.1,-0.011822462076288587,-0.1118224620762886,0.745,0.7500000000000002,0.7559112310381446,0.005911231038144393,0.0050000000000002265,0.01091123103814462,True,True,False,T → C1 → C2 → C3 → C4 → B,C2-C3,Near boundary
-0.1,0.0006607938906872043,-0.0993392061093128,0.745,0.7500000000000002,0.7496696030546566,-0.0003303969453436473,0.0050000000000002265,0.004669603054656579,True,True,False,T → C1 → C2 → C3 → C4 → B,C2-C3,Near boundary
-0.1,-0.003540189502659802,-0.10354018950265981,0.745,0.7500000000000002,0.7517700947513302,0.0017700947513299425,0.0050000000000002265,0.006770094751330169,True,True,False,T → C1 → C2 → C3 → C4 → B,C2-C3,Near boundary
-0.1,0.004410883484417764,-0.09558911651558225,0.745,0.7500000000000002,0.7477945582577914,-0.0022054417422088246,0.0050000000000002265,0.002794558257791402,True,True,False,T → C1 → C2 → C3 → C4 → B,C2-C3,Near boundary
-0.1,-0.015981934922780536,-0.11598193492278054,0.745,0.7500000000000002,0.7579909674613905,0.007990967461390275,0.0050000000000002265,0.012990967461390501,True,True,False,T → C1 → C2 → C3 → C4 → B,C2-C3,Near boundary
-0.1,-0.010401035705282556,-0.11040103570528256,0.745,0.7500000000000002,0.7552005178526415,0.0052005178526413065,0.0050000000000002265,0.010200517852641533,True,True,False,T → C1 → C2 → C3 → C4 → B,C2-C3,Near boundary
-0.1,-0.016486688239489688,-0.1164866882394897,0.745,0.7500000000000002,0.7582433441197451,0.008243344119744922,0.0050000000000002265,0.013243344119745148,True,True,False,T → C1 → C2 → C3 → C4 → B,C2-C3,Near boundary
-0.1,0.0066634733737299945,-0.09333652662627001,0.745,0.7500000000000002,0.7466682633131352,-0.003331736686865039,0.0050000000000002265,0.0016682633131351876,True,True,False,T → C1 → C2 → C3 → C4 → B,C2-C3,Near boundary
-0.1,-0.0016078267325713193,-0.10160782673257132,0.745,0.7500000000000002,0.7508039133662858,0.0008039133662856024,0.0050000000000002265,0.005803913366285829,True,True,False,T → C1 → C2 → C3 → C4 → B,C2-C3,Near boundary
-0.1,0.011545579986560636,-0.08845442001343937,0.745,0.7500000000000002,0.74422721000672,-0.005772789993280236,0.0050000000000002265,-0.0007727899932800097,True,False,True,T → C1 → C2 → C3 → C4 → B,C2-C3,Near boundary
-0.1,0.010565906816451563,-0.08943409318354845,0.745,0.7500000000000002,0.7447170465917745,-0.00528295340822571,0.0050000000000002265,-0.00028295340822548365,True,False,True,T → C1 → C2 → C3 → C4 → B,C2-C3,Near boundary
-0.1,0.011842384159627645,-0.08815761584037236,0.745,0.7500000000000002,0.7440788079201863,-0.005921192079813897,0.0050000000000002265,-0.0009211920798136708,True,False,True,T → C1 → C2 → C3 → C4 → B,C2-C3,Near boundary
-0.1,-0.006402190297525005,-0.10640219029752501,0.745,0.7500000000000002,0.7532010951487627,0.003201095148762434,0.0050000000000002265,0.00820109514876266,True,True,False,T → C1 → C2 → C3 → C4 → B,C2-C3,Near boundary
-0.1,-0.01853661534909165,-0.11853661534909166,0.745,0.7500000000000002,0.7592683076745461,0.009268307674545895,0.0050000000000002265,0.014268307674546121,True,True,False,T → C1 → C2 → C3 → C4 → B,C2-C3,Near boundary
-0.1,0.01627086255558585,-0.08372913744441415,0.745,0.7500000000000002,0.7418645687222074,-0.008135431277792815,0.0050000000000002265,-0.0031354312777925886,True,False,True,T → C1 → C2 → C3 → C4 → B,C2-C3,Near boundary
-0.1,-0.0033023595284436894,-0.10330235952844369,0.745,0.7500000000000002,0.751651179764222,0.0016511797642217996,0.0050000000000002265,0.006651179764222026,True,True,False,T → C1 → C2 → C3 → C4 → B,C2-C3,Near boundary
-0.1,0.01713077396594519,-0.08286922603405482,0.745,0.7500000000000002,0.7414346130170277,-0.00856538698297249,0.0050000000000002265,-0.003565386982972263,True,False,True,T → C1 → C2 → C3 → C4 → B,C2-C3,Near boundary
-0.1,-0.0002390055171667474,-0.10023900551716675,0.745,0.7500000000000002,0.7501195027585836,0.00011950275858341186,0.0050000000000002265,0.005119502758583638,True,True,False,T → C1 → C2 → C3 → C4 → B,C2-C3,Near boundary
-0.1,-0.004086285457310573,-0.10408628545731058,0.745,0.7500000000000002,0.7520431427286556,0.002043142728655356,0.0050000000000002265,0.0070431427286555826,True,True,False,T → C1 → C2 → C3 → C4 → B,C2-C3,Near boundary
-0.1,0.013477337400515692,-0.08652266259948431,0.745,0.7500000000000002,0.7432613312997425,-0.006738668700257744,0.0050000000000002265,-0.0017386687002575174,True,False,True,T → C1 → C2 → C3 → C4 → B,C2-C3,Near boundary
-0.1,0.010621767010753794,-0.08937823298924621,0.745,0.7500000000000002,0.7446891164946232,-0.0053108835053770065,0.0050000000000002265,-0.00031088350537678,True,False,True,T → C1 → C2 → C3 → C4 → B,C2-C3,Near boundary
-0.1,-0.010126798333090324,-0.11012679833309033,0.745,0.7500000000000002,0.7550633991665454,0.0050633991665451905,0.0050000000000002265,0.010063399166545417,True,True,False,T → C1 → C2 → C3 → C4 → B,C2-C3,Near boundary
-0.1,-0.015395651794512433,-0.11539565179451244,0.745,0.7500000000000002,0.7576978258972564,0.007697825897256205,0.0050000000000002265,0.012697825897256432,True,True,False,T → C1 → C2 → C3 → C4 → B,C2-C3,Near boundary
-0.1,-0.0018877870340333162,-0.10188778703403333,0.745,0.7500000000000002,0.750943893517017,0.0009438935170167362,0.0050000000000002265,0.005943893517016963,True,True,False,T → C1 → C2 → C3 → C4 → B,C2-C3,Near boundary
-0.1,-0.0023738401008848477,-0.10237384010088485,0.745,0.7500000000000002,0.7511869200504426,0.0011869200504424082,0.0050000000000002265,0.006186920050442635,True,True,False,T → C1 → C2 → C3 → C4 → B,C2-C3,Near boundary
-0.1,-0.012547435363472057,-0.11254743536347206,0.745,0.7500000000000002,0.7562737176817362,0.006273717681736013,0.0050000000000002265,0.01127371768173624,True,True,False,T → C1 → C2 → C3 → C4 → B,C2-C3,Near boundary
-0.1,-0.0020019544183449596,-0.10200195441834496,0.745,0.7500000000000002,0.7510009772091728,0.0010009772091725821,0.0050000000000002265,0.006000977209172809,True,True,False,T → C1 → C2 → C3 → C4 → B,C2-C3,Near boundary
-0.1,0.012759114112008262,-0.08724088588799174,0.745,0.7500000000000002,0.7436204429439961,-0.006379557056004126,0.0050000000000002265,-0.0013795570560038994,True,False,True,T → C1 → C2 → C3 → C4 → B,C2-C3,Near boundary
-0.1,0.0187328112306319,-0.0812671887693681,0.745,0.7500000000000002,0.7406335943846842,-0.009366405615315987,0.0050000000000002265,-0.0043664056153157604,True,False,True,T → C1 → C2 → C3 → C4 → B,C2-C3,Near boundary
-0.1,0.005193377380645802,-0.0948066226193542,0.745,0.7500000000000002,0.7474033113096774,-0.0025966886903228126,0.0050000000000002265,0.002403311309677414,True,True,False,T → C1 → C2 → C3 → C4 → B,C2-C3,Near boundary
-0.1,-0.0011776136506028816,-0.10117761365060289,0.745,0.7500000000000002,0.7505888068253017,0.0005888068253014911,0.0050000000000002265,0.005588806825301718,True,True,False,T → C1 → C2 → C3 → C4 → B,C2-C3,Near boundary
-0.1,-0.001170789154695026,-0.10117078915469503,0.745,0.7500000000000002,0.7505853945773477,0.00058539457734752,0.0050000000000002265,0.0055853945773477465,True,True,False,T → C1 → C2 → C3 → C4 → B,C2-C3,Near boundary
-0.1,-0.014741087551181985,-0.114741087551182,0.745,0.7500000000000002,0.7573705437755913,0.0073705437755910985,0.0050000000000002265,0.012370543775591325,True,True,False,T → C1 → C2 → C3 → C4 → B,C2-C3,Near boundary
-0.1,0.014327361304843435,-0.08567263869515657,0.745,0.7500000000000002,0.7428363193475784,-0.007163680652421789,0.0050000000000002265,-0.0021636806524215624,True,False,True,T → C1 → C2 → C3 → C4 → B,C2-C3,Near boundary
-0.1,-0.0101669731732644,-0.1101669731732644,0.745,0.7500000000000002,0.7550834865866325,0.005083486586632269,0.0050000000000002265,0.010083486586632495,True,True,False,T → C1 → C2 → C3 → C4 → B,C2-C3,Near boundary
-0.1,0.007911760598476248,-0.09208823940152376,0.745,0.7500000000000002,0.7460441197007621,-0.0039558802992381015,0.0050000000000002265,0.001044119700762125,True,True,False,T → C1 → C2 → C3 → C4 → B,C2-C3,Near boundary
-0.1,-0.00837624110441356,-0.10837624110441357,0.745,0.7500000000000002,0.754188120552207,0.004188120552206742,0.0050000000000002265,0.009188120552206969,True,True,False,T → C1 → C2 → C3 → C4 → B,C2-C3,Near boundary
-0.1,0.01696211394245779,-0.08303788605754221,0.745,0.7500000000000002,0.7415189430287714,-0.008481056971228806,0.0050000000000002265,-0.00348105697122858,True,False,True,T → C1 → C2 → C3 → C4 → B,C2-C3,Near boundary
-0.1,0.016013242588445737,-0.08398675741155427,0.745,0.7500000000000002,0.7419933787057773,-0.008006621294222915,0.0050000000000002265,-0.003006621294222689,True,False,True,T → C1 → C2 → C3 → C4 → B,C2-C3,Near boundary
-0.1,0.014738805241267843,-0.08526119475873216,0.745,0.7500000000000002,0.7426305973793663,-0.0073694026206339025,0.0050000000000002265,-0.002369402620633676,True,False,True,T → C1 → C2 → C3 → C4 → B,C2-C3,Near boundary
-0.1,-0.004878733437762031,-0.10487873343776204,0.745,0.7500000000000002,0.7524393667188813,0.0024393667188811197,0.0050000000000002265,0.007439366718881346,True,True,False,T → C1 → C2 → C3 → C4 → B,C2-C3,Near boundary
-0.1,-0.014207567520306243,-0.11420756752030625,0.745,0.7500000000000002,0.7571037837601533,0.007103783760153082,0.0050000000000002265,0.012103783760153308,True,True,False,T → C1 → C2 → C3 → C4 → B,C2-C3,Near boundary
-0.1,0.006767577900418594,-0.09323242209958141,0.745,0.7500000000000002,0.7466162110497909,-0.003383788950209299,0.0050000000000002265,0.0016162110497909277,True,True,False,T → C1 → C2 → C3 → C4 → B,C2-C3,Near boundary
-0.1,0.012127360799565615,-0.0878726392004344,0.745,0.7500000000000002,0.7439363196002173,-0.006063680399782889,0.0050000000000002265,-0.0010636803997826627,True,False,True,T → C1 → C2 → C3 → C4 → B,C2-C3,Near boundary
-0.1,-0.013528054926322534,-0.11352805492632254,0.745,0.7500000000000002,0.7567640274631615,0.006764027463161293,0.0050000000000002265,0.01176402746316152,True,True,False,T → C1 → C2 → C3 → C4 → B,C2-C3,Near boundary
-0.1,-0.0040037617771864625,-0.10400376177718647,0.745,0.7500000000000002,0.7520018808885935,0.0020018808885933215,0.0050000000000002265,0.007001880888593548,True,True,False,T → C1 → C2 → C3 → C4 → B,C2-C3,Near boundary
-0.1,0.006256648512530317,-0.09374335148746969,0.745,0.7500000000000002,0.746871675743735,-0.0031283242562651914,0.0050000000000002265,0.001871675743735035,True,True,False,T → C1 → C2 → C3 → C4 → B,C2-C3,Near boundary
-0.1,-0.014871495204781784,-0.11487149520478179,0.745,0.7500000000000002,0.7574357476023912,0.007435747602390963,0.0050000000000002265,0.01243574760239119,True,True,False,T → C1 → C2 → C3 → C4 → B,C2-C3,Near boundary
0.05,-0.004529907390797349,0.04547009260920265,0.675,0.6750000000000003,0.677264953695399,0.002264953695398697,0.0,0.002264953695398919,False,True,True,T → C1 → C2 → C3 → C4 → B,C2-C3,Exact V-cusp
0.05,0.003702268957690741,0.053702268957690744,0.675,0.6750000000000003,0.6768511344788453,0.0018511344788449957,0.0,0.0018511344788452178,False,True,True,T → C1 → C2 → C3 → C4 → B,C3-C4,Exact V-cusp
0.05,0.00949321092325155,0.05949321092325155,0.675,0.6750000000000003,0.6797466054616257,0.004746605461625419,0.0,0.0047466054616256415,False,True,True,T → C1 → C2 → C3 → C4 → B,C3-C4,Exact V-cusp
0.05,0.01939704913026762,0.06939704913026762,0.675,0.6750000000000003,0.6846985245651336,0.009698524565133315,0.0,0.009698524565133537,False,True,True,T → C1 → C2 → C3 → C4 → B,C3-C4,Exact V-cusp
0.05,0.013689824305126812,0.06368982430512682,0.675,0.6750000000000003,0.6818449121525632,0.0068449121525628875,0.0,0.00684491215256311,False,True,True,T → C1 → C2 → C3 → C4 → B,C3-C4,Exact V-cusp
0.05,-0.004016780310218099,0.045983219689781904,0.675,0.6750000000000003,0.6770083901551094,0.0020083901551091188,0.0,0.002008390155109341,False,True,True,T → C1 → C2 → C3 → C4 → B,C2-C3,Exact V-cusp
0.05,0.013171935951509537,0.06317193595150954,0.675,0.6750000000000003,0.6815859679757545,0.006585967975754281,0.0,0.006585967975754503,False,True,True,T → C1 → C2 → C3 → C4 → B,C3-C4,Exact V-cusp
0.05,-0.0008624627939893721,0.049137537206010634,0.675,0.6750000000000003,0.675431231396995,0.0004312313969947468,0.0,0.0004312313969949688,False,True,True,T → C1 → C2 → C3 → C4 → B,C2-C3,Exact V-cusp
0.05,-0.0043854464408930125,0.04561455355910699,0.675,0.6750000000000003,0.6771927232204469,0.002192723220446613,0.0,0.002192723220446835,False,True,True,T → C1 → C2 → C3 → C4 → B,C2-C3,Exact V-cusp
0.05,-0.01706248502966285,0.03293751497033715,0.675,0.6750000000000003,0.6835312425148317,0.008531242514831394,0.0,0.008531242514831616,False,True,True,T → C1 → C2 → C3 → C4 → B,C2-C3,Exact V-cusp
0.05,-0.019433901455759545,0.030566098544240458,0.675,0.6750000000000003,0.6847169507278801,0.009716950727879814,0.0,0.009716950727880036,False,True,True,T → C1 → C2 → C3 → C4 → B,C2-C3,Exact V-cusp
0.05,-0.009133735152992112,0.040866264847007894,0.675,0.6750000000000003,0.6795668675764963,0.004566867576496048,0.0,0.00456686757649627,False,True,True,T → C1 → C2 → C3 → C4 → B,C2-C3,Exact V-cusp
0.05,0.01591917339786515,0.06591917339786516,0.675,0.6750000000000003,0.6829595866989324,0.007959586698932153,0.0,0.007959586698932375,False,True,True,T → C1 → C2 → C3 → C4 → B,C3-C4,Exact V-cusp
0.05,0.0037785876431567014,0.053778587643156704,0.675,0.6750000000000003,0.6768892938215783,0.0018892938215779864,0.0,0.0018892938215782085,False,True,True,T → C1 → C2 → C3 → C4 → B,C3-C4,Exact V-cusp
0.05,0.005649699603377259,0.05564969960337726,0.675,0.6750000000000003,0.6778248498016886,0.0028248498016882895,0.0,0.0028248498016885115,False,True,True,T → C1 → C2 → C3 → C4 → B,C3-C4,Exact V-cusp
0.05,-0.018130976130993296,0.03186902386900671,0.675,0.6750000000000003,0.6840654880654968,0.009065488065496563,0.0,0.009065488065496785,False,True,True,T → C1 → C2 → C3 → C4 → B,C2-C3,Exact V-cusp
0.05,-0.007990194955885937,0.042009805044114064,0.675,0.6750000000000003,0.6789950974779433,0.0039950974779430215,0.0,0.0039950974779432435,False,True,True,T → C1 → C2 → C3 → C4 → B,C2-C3,Exact V-cusp
0.05,-0.012994497614205583,0.03700550238579442,0.675,0.6750000000000003,0.6814972488071032,0.0064972488071028955,0.0,0.006497248807103118,False,True,True,T → C1 → C2 → C3 → C4 → B,C2-C3,Exact V-cusp
0.05,-0.010815533516974738,0.03918446648302527,0.675,0.6750000000000003,0.6804077667584876,0.005407766758487309,0.0,0.005407766758487531,False,True,True,T → C1 → C2 → C3 → C4 → B,C2-C3,Exact V-cusp
0.05,0.018038624103080835,0.06803862410308084,0.675,0.6750000000000003,0.6840193120515403,0.009019312051540052,0.0,0.009019312051540274,False,True,True,T → C1 → C2 → C3 → C4 → B,C3-C4,Exact V-cusp
0.05,-0.011255085720958138,0.038744914279041864,0.675,0.6750000000000003,0.6806275428604793,0.005627542860479062,0.0,0.005627542860479284,False,True,True,T → C1 → C2 → C3 → C4 → B,C2-C3,Exact V-cusp
0.05,-0.01049149792405292,0.03950850207594708,0.675,0.6750000000000003,0.6802457489620268,0.005245748962026564,0.0,0.005245748962026786,False,True,True,T → C1 → C2 → C3 → C4 → B,C2-C3,Exact V-cusp
0.05,-0.009872788974866209,0.040127211025133794,0.675,0.6750000000000003,0.6799363944874335,0.0049363944874332155,0.0,0.0049363944874334376,False,True,True,T → C1 → C2 → C3 → C4 → B,C2-C3,Exact V-cusp
0.05,-0.01231117174962627,0.03768882825037373,0.675,0.6750000000000003,0.6811555858748135,0.006155585874813241,0.0,0.006155585874813463,False,True,True,T → C1 → C2 → C3 → C4 → B,C2-C3,Exact V-cusp
0.05,-0.009642124289186657,0.04035787571081335,0.675,0.6750000000000003,0.6798210621445937,0.004821062144593435,0.0,0.0048210621445936575,False,True,True,T → C1 → C2 → C3 → C4 → B,C2-C3,Exact V-cusp
0.05,-0.017164156169751484,0.03283584383024852,0.675,0.6750000000000003,0.683582078084876,0.008582078084875766,0.0,0.008582078084875988,False,True,True,T → C1 → C2 → C3 → C4 → B,C2-C3,Exact V-cusp
0.05,0.013867545048415784,0.06386754504841578,0.675,0.6750000000000003,0.6819337725242076,0.006933772524207349,0.0,0.006933772524207571,False,True,True,T → C1 → C2 → C3 → C4 → B,C3-C4,Exact V-cusp
0.05,-0.006532665393261913,0.04346733460673809,0.675,0.6750000000000003,0.6782663326966312,0.0032663326966309025,0.0,0.0032663326966311246,False,True,True,T → C1 → C2 → C3 → C4 → B,C2-C3,Exact V-cusp
0.05,-0.0007942412410686418,0.049205758758931364,0.675,0.6750000000000003,0.6753971206205347,0.0003971206205344302,0.0,0.00039712062053465225,False,True,True,T → C1 → C2 → C3 → C4 → B,C2-C3,Exact V-cusp
0.05,0.0037657744666224034,0.05376577446662241,0.675,0.6750000000000003,0.676882887233311,0.0018828872333107594,0.0,0.0018828872333109814,False,True,True,T → C1 → C2 → C3 → C4 → B,C3-C4,Exact V-cusp
0.05,-0.01519487175937134,0.03480512824062866,0.675,0.6750000000000003,0.682597435879686,0.007597435879685754,0.0,0.0075974358796859764,False,True,True,T → C1 → C2 → C3 → C4 → B,C2-C3,Exact V-cusp
0.05,0.007837191895973247,0.05783719189597325,0.675,0.6750000000000003,0.6789185959479864,0.003918595947986159,0.0,0.003918595947986381,False,True,True,T → C1 → C2 → C3 → C4 → B,C3-C4,Exact V-cusp
0.05,-0.008499472042975431,0.04150052795702457,0.675,0.6750000000000003,0.679249736021488,0.0042497360214877045,0.0,0.0042497360214879265,False,True,True,T → C1 → C2 → C3 → C4 → B,C2-C3,Exact V-cusp
0.05,0.019076757015044587,0.0690767570150446,0.675,0.6750000000000003,0.6845383785075221,0.009538378507521816,0.0,0.009538378507522038,False,True,True,T → C1 → C2 → C3 → C4 → B,C3-C4,Exact V-cusp
0.05,-0.019322198442878035,0.030677801557121968,0.675,0.6750000000000003,0.6846610992214393,0.009661099221438985,0.0,0.009661099221439207,False,True,True,T → C1 → C2 → C3 → C4 → B,C2-C3,Exact V-cusp
0.05,-0.00866455839475488,0.04133544160524512,0.675,0.6750000000000003,0.6793322791973777,0.004332279197377442,0.0,0.004332279197377664,False,True,True,T → C1 → C2 → C3 → C4 → B,C2-C3,Exact V-cusp
0.05,0.013037904874510408,0.06303790487451041,0.675,0.6750000000000003,0.6815189524372551,0.006518952437254866,0.0,0.006518952437255088,False,True,True,T → C1 → C2 → C3 → C4 → B,C3-C4,Exact V-cusp
0.05,-0.019855782578867946,0.030144217421132057,0.675,0.6750000000000003,0.6849278912894343,0.009927891289434054,0.0,0.009927891289434276,False,True,True,T → C1 → C2 → C3 → C4 → B,C2-C3,Exact V-cusp
0.05,-0.015257535109590372,0.03474246489040963,0.675,0.6750000000000003,0.6826287675547955,0.007628767554795246,0.0,0.007628767554795468,False,True,True,T → C1 → C2 → C3 → C4 → B,C2-C3,Exact V-cusp
0.05,0.00507432977063986,0.05507432977063986,0.675,0.6750000000000003,0.6775371648853197,0.0025371648853194095,0.0,0.0025371648853196316,False,True,True,T → C1 → C2 → C3 → C4 → B,C3-C4,Exact V-cusp
0.05,-0.018615942009869997,0.031384057990130006,0.675,0.6750000000000003,0.6843079710049353,0.009307971004935078,0.0,0.0093079710049353,False,True,True,T → C1 → C2 → C3 → C4 → B,C2-C3,Exact V-cusp
0.05,-0.010449751797615422,0.03955024820238458,0.675,0.6750000000000003,0.6802248758988079,0.005224875898807602,0.0,0.005224875898807824,False,True,True,T → C1 → C2 → C3 → C4 → B,C2-C3,Exact V-cusp
0.05,-0.013426739998879746,0.03657326000112025,0.675,0.6750000000000003,0.6817133699994402,0.006713369999439944,0.0,0.006713369999440166,False,True,True,T → C1 → C2 → C3 → C4 → B,C2-C3,Exact V-cusp
0.05,0.006189225155169731,0.056189225155169734,0.675,0.6750000000000003,0.6780946125775846,0.003094612577584366,0.0,0.003094612577584588,False,True,True,T → C1 → C2 → C3 → C4 → B,C3-C4,Exact V-cusp
0.05,0.012695389284256373,0.06269538928425637,0.675,0.6750000000000003,0.681347694642128,0.006347694642127699,0.0,0.006347694642127921,False,True,True,T → C1 → C2 → C3 → C4 → B,C3-C4,Exact V-cusp
0.05,-0.013150437168160424,0.03684956283183958,0.675,0.6750000000000003,0.6815752185840804,0.006575218584080167,0.0,0.006575218584080389,False,True,True,T → C1 → C2 → C3 → C4 → B,C2-C3,Exact V-cusp
0.05,0.009889119911732348,0.05988911991173235,0.675,0.6750000000000003,0.679944559955866,0.004944559955865735,0.0,0.004944559955865957,False,True,True,T → C1 → C2 → C3 → C4 → B,C3-C4,Exact V-cusp
0.05,-0.005246184651916655,0.04475381534808335,0.675,0.6750000000000003,0.6776230923259585,0.002623092325958254,0.0,0.002623092325958476,False,True,True,T → C1 → C2 → C3 → C4 → B,C2-C3,Exact V-cusp
0.05,0.018919014428981595,0.0689190144289816,0.675,0.6750000000000003,0.6844595072144906,0.009459507214490293,0.0,0.009459507214490515,False,True,True,T → C1 → C2 → C3 → C4 → B,C3-C4,Exact V-cusp
0.05,0.013163884403281114,0.06316388440328112,0.675,0.6750000000000003,0.6815819422016405,0.006581942201640212,0.0,0.006581942201640434,False,True,True,T → C1 → C2 → C3 → C4 → B,C3-C4,Exact V-cusp
0.05,-0.00981773762327249,0.040182262376727514,0.675,0.6750000000000003,0.6799088688116366,0.004908868811636324,0.0,0.004908868811636546,False,True,True,T → C1 → C2 → C3 → C4 → B,C2-C3,Exact V-cusp
0.05,0.0024233691899991743,0.05242336918999918,0.675,0.6750000000000003,0.6762116845949995,0.0012116845949992072,0.0,0.0012116845949994293,False,True,True,T → C1 → C2 → C3 → C4 → B,C3-C4,Exact V-cusp
0.05,-0.016486633086080955,0.03351336691391905,0.675,0.6750000000000003,0.6832433165430407,0.008243316543040446,0.0,0.008243316543040669,False,True,True,T → C1 → C2 → C3 → C4 → B,C2-C3,Exact V-cusp
0.05,0.00812211444579022,0.05812211444579023,0.675,0.6750000000000003,0.679061057222895,0.004061057222894737,0.0,0.004061057222894959,False,True,True,T → C1 → C2 → C3 → C4 → B,C3-C4,Exact V-cusp
0.05,0.01676132578857364,0.06676132578857365,0.675,0.6750000000000003,0.6833806628942867,0.008380662894286406,0.0,0.008380662894286628,False,True,True,T → C1 → C2 → C3 → C4 → B,C3-C4,Exact V-cusp
0.05,0.000823858448906617,0.05082385844890662,0.675,0.6750000000000003,0.6754119292244531,0.0004119292244528783,0.0,0.0004119292244531003,False,True,True,T → C1 → C2 → C3 → C4 → B,C3-C4,Exact V-cusp
0.05,0.014031076585660506,0.06403107658566051,0.675,0.6750000000000003,0.6820155382928301,0.007015538292829859,0.0,0.007015538292830081,False,True,True,T → C1 → C2 → C3 → C4 → B,C3-C4,Exact V-cusp
0.05,0.009100078654320835,0.059100078654320834,0.675,0.6750000000000003,0.6795500393271603,0.004550039327160027,0.0,0.004550039327160249,False,True,True,T → C1 → C2 → C3 → C4 → B,C3-C4,Exact V-cusp
0.05,0.002299755567565752,0.052299755567565755,0.675,0.6750000000000003,0.6761498777837827,0.0011498777837823937,0.0,0.0011498777837826157,False,True,True,T → C1 → C2 → C3 → C4 → B,C3-C4,Exact V-cusp
0.05,0.012654315911257267,0.06265431591125727,0.675,0.6750000000000003,0.6813271579556284,0.006327157955628104,0.0,0.006327157955628326,False,True,True,T → C1 → C2 → C3 → C4 → B,C3-C4,Exact V-cusp
0.05,-0.012694846426628166,0.03730515357337184,0.675,0.6750000000000003,0.6813474232133143,0.006347423213314052,0.0,0.006347423213314274,False,True,True,T → C1 → C2 → C3 → C4 → B,C2-C3,Exact V-cusp
0.05,-0.009276906407206567,0.040723093592793434,0.675,0.6750000000000003,0.6796384532036035,0.004638453203603232,0.0,0.004638453203603454,False,True,True,T → C1 → C2 → C3 → C4 → B,C2-C3,Exact V-cusp
0.05,-0.007969821626540172,0.042030178373459834,0.675,0.6750000000000003,0.6789849108132704,0.003984910813270126,0.0,0.003984910813270348,False,True,True,T → C1 → C2 → C3 → C4 → B,C2-C3,Exact V-cusp
0.05,-0.005349774855281174,0.04465022514471883,0.675,0.6750000000000003,0.6776748874276408,0.0026748874276405488,0.0,0.002674887427640771,False,True,True,T → C1 → C2 → C3 → C4 → B,C2-C3,Exact V-cusp
0.05,-0.011712828360410264,0.03828717163958974,0.675,0.6750000000000003,0.6808564141802054,0.005856414180205105,0.0,0.005856414180205327,False,True,True,T → C1 → C2 → C3 → C4 → B,C2-C3,Exact V-cusp
0.05,0.017697408236762375,0.06769740823676237,0.675,0.6750000000000003,0.683848704118381,0.00884870411838068,0.0,0.008848704118380901,False,True,True,T → C1 → C2 → C3 → C4 → B,C3-C4,Exact V-cusp
0.05,1.1425428735133136e-05,0.050011425428735136,0.675,0.6750000000000003,0.6750057127143674,5.712714367112071e-06,0.0,5.712714367334115e-06,False,True,True,T → C1 → C2 → C3 → C4 → B,C3-C4,Exact V-cusp
0.05,0.0010012235487565982,0.0510012235487566,0.675,0.6750000000000003,0.675500611774378,0.0005006117743777683,0.0,0.0005006117743779903,False,True,True,T → C1 → C2 → C3 → C4 → B,C3-C4,Exact V-cusp
0.05,-0.010365426778438148,0.03963457322156186,0.675,0.6750000000000003,0.6801827133892193,0.005182713389219051,0.0,0.005182713389219273,False,True,True,T → C1 → C2 → C3 → C4 → B,C2-C3,Exact V-cusp
0.05,-0.000990705965156647,0.04900929403484336,0.675,0.6750000000000003,0.6754953529825787,0.000495352982578412,0.0,0.000495352982578634,False,True,True,T → C1 → C2 → C3 → C4 → B,C2-C3,Exact V-cusp
0.05,-0.01954318007399195,0.03045681992600805,0.675,0.6750000000000003,0.6847715900369962,0.009771590036995903,0.0,0.009771590036996125,False,True,True,T → C1 → C2 → C3 → C4 → B,C2-C3,Exact V-cusp
0.05,-0.01619041455957717,0.03380958544042283,0.675,0.6750000000000003,0.6830952072797889,0.00809520727978863,0.0,0.008095207279788852,False,True,True,T → C1 → C2 → C3 → C4 → B,C2-C3,Exact V-cusp
0.05,0.013010081114799423,0.06301008111479943,0.675,0.6750000000000003,0.6815050405573995,0.0065050405573992,0.0,0.006505040557399422,False,True,True,T → C1 → C2 → C3 → C4 → B,C3-C4,Exact V-cusp
0.05,0.007029531608408114,0.05702953160840812,0.675,0.6750000000000003,0.6785147658042039,0.0035147658042036234,0.0,0.0035147658042038454,False,True,True,T → C1 → C2 → C3 → C4 → B,C3-C4,Exact V-cusp
0.05,0.011655674268272086,0.06165567426827209,0.675,0.6750000000000003,0.6808278371341359,0.005827837134135594,0.0,0.005827837134135816,False,True,True,T → C1 → C2 → C3 → C4 → B,C3-C4,Exact V-cusp
0.05,-0.012084105027520909,0.037915894972479096,0.675,0.6750000000000003,0.6810420525137608,0.006042052513760554,0.0,0.006042052513760776,False,True,True,T → C1 → C2 → C3 → C4 → B,C2-C3,Exact V-cusp
0.05,-0.014699475528885007,0.035300524471114994,0.675,0.6750000000000003,0.6823497377644427,0.007349737764442477,0.0,0.007349737764442699,False,True,True,T → C1 → C2 → C3 → C4 → B,C2-C3,Exact V-cusp
0.05,-0.004233067670585379,0.045766932329414624,0.675,0.6750000000000003,0.6771165338352929,0.0021165338352926444,0.0,0.0021165338352928664,False,True,True,T → C1 → C2 → C3 → C4 → B,C2-C3,Exact V-cusp
0.05,-0.006619118061655245,0.04338088193834476,0.675,0.6750000000000003,0.6783095590308279,0.0033095590308276357,0.0,0.0033095590308278577,False,True,True,T → C1 → C2 → C3 → C4 → B,C2-C3,Exact V-cusp
0.05,-0.01781494983780657,0.03218505016219343,0.675,0.6750000000000003,0.6839074749189036,0.008907474918903313,0.0,0.008907474918903535,False,True,True,T → C1 → C2 → C3 → C4 → B,C2-C3,Exact V-cusp
0.05,-0.006205330493043651,0.04379466950695635,0.675,0.6750000000000003,0.6781026652465221,0.0031026652465218074,0.0,0.0031026652465220295,False,True,True,T → C1 → C2 → C3 → C4 → B,C2-C3,Exact V-cusp
0.05,0.008045026354824573,0.05804502635482457,0.675,0.6750000000000003,0.6790225131774121,0.004022513177411868,0.0,0.00402251317741209,False,True,True,T → C1 → C2 → C3 → C4 → B,C3-C4,Exact V-cusp
0.05,-0.017034835595571396,0.03296516440442861,0.675,0.6750000000000003,0.6835174177977859,0.008517417797785587,0.0,0.008517417797785809,False,True,True,T → C1 → C2 → C3 → C4 → B,C2-C3,Exact V-cusp
0.05,-0.015903633739565548,0.034096366260434455,0.675,0.6750000000000003,0.682951816869783,0.007951816869782746,0.0,0.007951816869782968,False,True,True,T → C1 → C2 → C3 → C4 → B,C2-C3,Exact V-cusp
0.05,0.019595221233475183,0.06959522123347518,0.675,0.6750000000000003,0.6847976106167375,0.009797610616737229,0.0,0.009797610616737451,False,True,True,T → C1 → C2 → C3 → C4 → B,C3-C4,Exact V-cusp
0.05,0.0030710842248531656,0.05307108422485317,0.675,0.6750000000000003,0.6765355421124264,0.0015355421124261248,0.0,0.0015355421124263469,False,True,True,T → C1 → C2 → C3 → C4 → B,C3-C4,Exact V-cusp
0.05,0.019027535965035088,0.0690275359650351,0.675,0.6750000000000003,0.6845137679825173,0.009513767982517018,0.0,0.00951376798251724,False,True,True,T → C1 → C2 → C3 → C4 → B,C3-C4,Exact V-cusp
0.05,-0.00963762579897268,0.040362374201027326,0.675,0.6750000000000003,0.6798188128994866,0.00481881289948638,0.0,0.004818812899486602,False,True,True,T → C1 → C2 → C3 → C4 → B,C2-C3,Exact V-cusp
0.05,-0.019429246249576707,0.030570753750423296,0.675,0.6750000000000003,0.6847146231247887,0.009714623124788435,0.0,0.009714623124788657,False,True,True,T → C1 → C2 → C3 → C4 → B,C2-C3,Exact V-cusp
0.05,-0.01351326239459908,0.03648673760540092,0.675,0.6750000000000003,0.6817566311972998,0.006756631197299523,0.0,0.006756631197299745,False,True,True,T → C1 → C2 → C3 → C4 → B,C2-C3,Exact V-cusp
0.05,-0.016557614108307937,0.033442385891692065,0.675,0.6750000000000003,0.6832788070541542,0.008278807054153958,0.0,0.00827880705415418,False,True,True,T → C1 → C2 → C3 → C4 → B,C2-C3,Exact V-cusp
0.05,0.0065928981860977585,0.056592898186097765,0.675,0.6750000000000003,0.6782964490930488,0.0032964490930484924,0.0,0.0032964490930487145,False,True,True,T → C1 → C2 → C3 → C4 → B,C3-C4,Exact V-cusp
0.05,-0.010872719775925658,0.03912728022407434,0.675,0.6750000000000003,0.680436359887963,0.005436359887962761,0.0,0.005436359887962983,False,True,True,T → C1 → C2 → C3 → C4 → B,C2-C3,Exact V-cusp
0.05,-0.006068563244825768,0.04393143675517423,0.675,0.6750000000000003,0.6780342816224132,0.0030342816224129265,0.0,0.0030342816224131486,False,True,True,T → C1 → C2 → C3 → C4 → B,C2-C3,Exact V-cusp
0.05,-0.006253278502532114,0.04374672149746789,0.675,0.6750000000000003,0.6781266392512664,0.0031266392512661056,0.0,0.0031266392512663277,False,True,True,T → C1 → C2 → C3 → C4 → B,C2-C3,Exact V-cusp
0.05,0.009623557434233699,0.0596235574342337,0.675,0.6750000000000003,0.6798117787171167,0.004811778717116466,0.0,0.004811778717116688,False,True,True,T → C1 → C2 → C3 → C4 → B,C3-C4,Exact V-cusp
0.05,0.001171457204647338,0.051171457204647344,0.675,0.6750000000000003,0.6755857286023235,0.0005857286023231989,0.0,0.0005857286023234209,False,True,True,T → C1 → C2 → C3 → C4 → B,C3-C4,Exact V-cusp
0.05,0.007704687175229853,0.057704687175229856,0.675,0.6750000000000003,0.6788523435876148,0.0038523435876145484,0.0,0.0038523435876147705,False,True,True,T → C1 → C2 → C3 → C4 → B,C3-C4,Exact V-cusp
0.05,0.013237442990766148,0.06323744299076615,0.675,0.6750000000000003,0.6816187214953828,0.006618721495382562,0.0,0.006618721495382784,False,True,True,T → C1 → C2 → C3 → C4 → B,C3-C4,Exact V-cusp
0.05,-0.0039966352871935035,0.0460033647128065,0.675,0.6750000000000003,0.676998317643597,0.001998317643596703,0.0,0.001998317643596925,False,True,True,T → C1 → C2 → C3 → C4 → B,C2-C3,Exact V-cusp
0.05,-0.0009298796328612163,0.049070120367138786,0.675,0.6750000000000003,0.675464939816431,0.00046493981643069837,0.0,0.0004649398164309204,False,True,True,T → C1 → C2 → C3 → C4 → B,C2-C3,Exact V-cusp
0.05,0.0029567650158032824,0.052956765015803285,0.675,0.6750000000000003,0.6764783825079015,0.0014783825079012214,0.0,0.0014783825079014434,False,True,True,T → C1 → C2 → C3 → C4 → B,C3-C4,Exact V-cusp
0.05,0.019025113843450524,0.06902511384345053,0.675,0.6750000000000003,0.6845125569217252,0.009512556921724924,0.0,0.009512556921725146,False,True,True,T → C1 → C2 → C3 → C4 → B,C3-C4,Exact V-cusp
0.05,0.003989128793687291,0.053989128793687294,0.675,0.6750000000000003,0.6769945643968436,0.0019945643968433124,0.0,0.0019945643968435345,False,True,True,T → C1 → C2 → C3 → C4 → B,C3-C4,Exact V-cusp
0.05,0.017812970296901428,0.06781297029690143,0.675,0.6750000000000003,0.6839064851484504,0.00890648514845016,0.0,0.008906485148450383,False,True,True,T → C1 → C2 → C3 → C4 → B,C3-C4,Exact V-cusp
0.05,-0.004020500259607512,0.04597949974039249,0.675,0.6750000000000003,0.6770102501298041,0.0020102501298038256,0.0,0.0020102501298040476,False,True,True,T → C1 → C2 → C3 → C4 → B,C2-C3,Exact V-cusp
0.05,-0.017489070994511278,0.03251092900548873,0.675,0.6750000000000003,0.683744535497256,0.008744535497255734,0.0,0.008744535497255956,False,True,True,T → C1 → C2 → C3 → C4 → B,C2-C3,Exact V-cusp
0.05,0.013819456587958776,0.06381945658795878,0.675,0.6750000000000003,0.6819097282939792,0.006909728293978956,0.0,0.006909728293979178,False,True,True,T → C1 → C2 → C3 → C4 → B,C3-C4,Exact V-cusp
0.05,-0.019792737211050654,0.03020726278894935,0.675,0.6750000000000003,0.6848963686055256,0.00989636860552534,0.0,0.009896368605525563,False,True,True,T → C1 → C2 → C3 → C4 → B,C2-C3,Exact V-cusp
0.05,-0.018287821016205612,0.03171217898379439,0.675,0.6750000000000003,0.6841439105081031,0.009143910508102815,0.0,0.009143910508103037,False,True,True,T → C1 → C2 → C3 → C4 → B,C2-C3,Exact V-cusp
0.05,-0.01864874975762873,0.03135125024237127,0.675,0.6750000000000003,0.6843243748788146,0.009324374878814323,0.0,0.009324374878814545,False,True,True,T → C1 → C2 → C3 → C4 → B,C2-C3,Exact V-cusp
0.05,0.0036868967517371155,0.053686896751737115,0.675,0.6750000000000003,0.6768434483758683,0.0018434483758680287,0.0,0.0018434483758682507,False,True,True,T → C1 → C2 → C3 → C4 → B,C3-C4,Exact V-cusp
0.05,0.007456577151682669,0.057456577151682675,0.675,0.6750000000000003,0.6787282885758412,0.0037282885758409545,0.0,0.0037282885758411766,False,True,True,T → C1 → C2 → C3 → C4 → B,C3-C4,Exact V-cusp
0.05,-0.01662277488106546,0.03337722511893454,0.675,0.6750000000000003,0.683311387440533,0.008311387440532725,0.0,0.008311387440532947,False,True,True,T → C1 → C2 → C3 → C4 → B,C2-C3,Exact V-cusp
0.05,0.0029446875000026553,0.052944687500002655,0.675,0.6750000000000003,0.6764723437500011,0.0014723437500008263,0.0,0.0014723437500010483,False,True,True,T → C1 → C2 → C3 → C4 → B,C3-C4,Exact V-cusp
0.05,0.007012559693004725,0.05701255969300473,0.675,0.6750000000000003,0.6785062798465022,0.0035062798465019807,0.0,0.0035062798465022027,False,True,True,T → C1 → C2 → C3 → C4 → B,C3-C4,Exact V-cusp
0.05,0.014945533355256824,0.06494553335525682,0.675,0.6750000000000003,0.6824727666776282,0.007472766677627973,0.0,0.007472766677628195,False,True,True,T → C1 → C2 → C3 → C4 → B,C3-C4,Exact V-cusp
0.05,-0.012560627506890118,0.037439372493109885,0.675,0.6750000000000003,0.6812803137534453,0.006280313753445066,0.0,0.006280313753445288,False,True,True,T → C1 → C2 → C3 → C4 → B,C2-C3,Exact V-cusp
0.05,-0.018763322163034005,0.031236677836965997,0.675,0.6750000000000003,0.6843816610815172,0.009381661081516945,0.0,0.009381661081517167,False,True,True,T → C1 → C2 → C3 → C4 → B,C2-C3,Exact V-cusp
0.05,0.007501934664128983,0.057501934664128986,0.675,0.6750000000000003,0.6787509673320644,0.003750967332064148,0.0,0.00375096733206437,False,True,True,T → C1 → C2 → C3 → C4 → B,C3-C4,Exact V-cusp
0.05,-0.014451389916293321,0.03554861008370668,0.675,0.6750000000000003,0.6822256949581469,0.007225694958146622,0.0,0.007225694958146844,False,True,True,T → C1 → C2 → C3 → C4 → B,C2-C3,Exact V-cusp
0.05,0.0008145607653258814,0.05081456076532588,0.675,0.6750000000000003,0.6754072803826627,0.00040728038266246713,0.0,0.0004072803826626892,False,True,True,T → C1 → C2 → C3 → C4 → B,C3-C4,Exact V-cusp
0.05,0.000978357713742238,0.05097835771374224,0.675,0.6750000000000003,0.6754891788568709,0.000489178856870609,0.0,0.0004891788568708311,False,True,True,T → C1 → C2 → C3 → C4 → B,C3-C4,Exact V-cusp
0.05,0.007187618799297853,0.05718761879929786,0.675,0.6750000000000003,0.6785938093996486,0.0035938093996483733,0.0,0.0035938093996485954,False,True,True,T → C1 → C2 → C3 → C4 → B,C3-C4,Exact V-cusp
0.05,-0.004762006724715552,0.04523799327528445,0.675,0.6750000000000003,0.677381003362358,0.002381003362357692,0.0,0.002381003362357914,False,True,True,T → C1 → C2 → C3 → C4 → B,C2-C3,Exact V-cusp
0.05,0.015170393717728377,0.06517039371772838,0.675,0.6750000000000003,0.6825851968588641,0.00758519685886383,0.0,0.007585196858864052,False,True,True,T → C1 → C2 → C3 → C4 → B,C3-C4,Exact V-cusp
0.05,0.010001788503461333,0.060001788503461335,0.675,0.6750000000000003,0.6800008942517304,0.005000894251730115,0.0,0.005000894251730337,False,True,True,T → C1 → C2 → C3 → C4 → B,C3-C4,Exact V-cusp
0.05,0.011137893961621362,0.061137893961621365,0.675,0.6750000000000003,0.6805689469808105,0.00556894698081023,0.0,0.005568946980810452,False,True,True,T → C1 → C2 → C3 → C4 → B,C3-C4,Exact V-cusp
0.05,0.011300396666618421,0.06130039666661842,0.675,0.6750000000000003,0.6806501983333091,0.00565019833330882,0.0,0.005650198333309042,False,True,True,T → C1 → C2 → C3 → C4 → B,C3-C4,Exact V-cusp
0.05,0.001252381795847423,0.05125238179584743,0.675,0.6750000000000003,0.6756261908979235,0.0006261908979232622,0.0,0.0006261908979234843,False,True,True,T → C1 → C2 → C3 → C4 → B,C3-C4,Exact V-cusp
0.05,-0.0021856332857109265,0.047814366714289076,0.675,0.6750000000000003,0.6760928166428557,0.001092816642855432,0.0,0.001092816642855654,False,True,True,T → C1 → C2 → C3 → C4 → B,C2-C3,Exact V-cusp
0.05,0.00690505880189483,0.05690505880189484,0.675,0.6750000000000003,0.6784525294009471,0.0034525294009468688,0.0,0.003452529400947091,False,True,True,T → C1 → C2 → C3 → C4 → B,C3-C4,Exact V-cusp
0.05,0.013230377024669223,0.06323037702466923,0.675,0.6750000000000003,0.6816151885123345,0.006615188512334225,0.0,0.006615188512334447,False,True,True,T → C1 → C2 → C3 → C4 → B,C3-C4,Exact V-cusp
0.05,0.004833752845953332,0.054833752845953335,0.675,0.6750000000000003,0.6774168764229764,0.0024168764229761663,0.0,0.0024168764229763884,False,True,True,T → C1 → C2 → C3 → C4 → B,C3-C4,Exact V-cusp
0.05,0.005428469756325573,0.05542846975632558,0.675,0.6750000000000003,0.6777142348781626,0.002714234878162358,0.0,0.0027142348781625802,False,True,True,T → C1 → C2 → C3 → C4 → B,C3-C4,Exact V-cusp
0.05,-0.015793250696843703,0.0342067493031563,0.675,0.6750000000000003,0.6828966253484221,0.007896625348421837,0.0,0.00789662534842206,False,True,True,T → C1 → C2 → C3 → C4 → B,C2-C3,Exact V-cusp
0.05,0.018262601450578637,0.06826260145057864,0.675,0.6750000000000003,0.6841313007252892,0.009131300725288893,0.0,0.009131300725289115,False,True,True,T → C1 → C2 → C3 → C4 → B,C3-C4,Exact V-cusp
0.05,0.00040936064809187975,0.050409360648091886,0.675,0.6750000000000003,0.6752046803240457,0.00020468032404541425,0.0,0.0002046803240456363,False,True,True,T → C1 → C2 → C3 → C4 → B,C3-C4,Exact V-cusp
0.05,-0.008010870826707062,0.04198912917329294,0.675,0.6750000000000003,0.6790054354133539,0.004005435413353631,0.0,0.004005435413353853,False,True,True,T → C1 → C2 → C3 → C4 → B,C2-C3,Exact V-cusp
0.05,0.006342070704155475,0.05634207070415548,0.675,0.6750000000000003,0.6781710353520776,0.0031710353520773005,0.0,0.0031710353520775225,False,True,True,T → C1 → C2 → C3 → C4 → B,C3-C4,Exact V-cusp
0.05,0.017269559973654498,0.0672695599736545,0.675,0.6750000000000003,0.683634779986827,0.008634779986826713,0.0,0.008634779986826935,False,True,True,T → C1 → C2 → C3 → C4 → B,C3-C4,Exact V-cusp
0.05,-0.0014513937086954379,0.048548606291304565,0.675,0.6750000000000003,0.6757256968543479,0.0007256968543476461,0.0,0.0007256968543478681,False,True,True,T → C1 → C2 → C3 → C4 → B,C2-C3,Exact V-cusp
0.05,0.019140696812784897,0.0691406968127849,0.675,0.6750000000000003,0.6845703484063923,0.009570348406392037,0.0,0.00957034840639226,False,True,True,T → C1 → C2 → C3 → C4 → B,C3-C4,Exact V-cusp
0.05,0.01265483457035534,0.06265483457035534,0.675,0.6750000000000003,0.6813274172851775,0.0063274172851772725,0.0,0.006327417285177495,False,True,True,T → C1 → C2 → C3 → C4 → B,C3-C4,Exact V-cusp
0.05,0.017000608254277644,0.06700060825427764,0.675,0.6750000000000003,0.6835003041271386,0.008500304127138314,0.0,0.008500304127138536,False,True,True,T → C1 → C2 → C3 → C4 → B,C3-C4,Exact V-cusp
0.05,0.0001846045482957713,0.05018460454829578,0.675,0.6750000000000003,0.6750923022741477,9.230227414747105e-05,0.0,9.23022741476931e-05,False,True,True,T → C1 → C2 → C3 → C4 → B,C3-C4,Exact V-cusp
0.05,-0.013070960060295268,0.036929039939704734,0.675,0.6750000000000003,0.6815354800301479,0.006535480030147589,0.0,0.006535480030147811,False,True,True,T → C1 → C2 → C3 → C4 → B,C2-C3,Exact V-cusp
0.05,0.009645674171497129,0.05964567417149713,0.675,0.6750000000000003,0.6798228370857484,0.004822837085748155,0.0,0.004822837085748377,False,True,True,T → C1 → C2 → C3 → C4 → B,C3-C4,Exact V-cusp
0.05,-0.016519713021801573,0.03348028697819843,0.675,0.6750000000000003,0.6832598565109012,0.008259856510900887,0.0,0.008259856510901109,False,True,True,T → C1 → C2 → C3 → C4 → B,C2-C3,Exact V-cusp
0.05,0.007777798296034106,0.057777798296034105,0.675,0.6750000000000003,0.6788888991480169,0.0038888991480166,0.0,0.0038888991480168222,False,True,True,T → C1 → C2 → C3 → C4 → B,C3-C4,Exact V-cusp
0.05,0.002072591167227387,0.052072591167227386,0.675,0.6750000000000003,0.6760362955836134,0.0010362955836131782,0.0,0.0010362955836134002,False,True,True,T → C1 → C2 → C3 → C4 → B,C3-C4,Exact V-cusp
0.05,0.010855951405119715,0.06085595140511972,0.675,0.6750000000000003,0.6804279757025598,0.005427975702559484,0.0,0.005427975702559706,False,True,True,T → C1 → C2 → C3 → C4 → B,C3-C4,Exact V-cusp
0.05,0.01069325205104565,0.06069325205104566,0.675,0.6750000000000003,0.6803466260255226,0.005346626025522383,0.0,0.005346626025522605,False,True,True,T → C1 → C2 → C3 → C4 → B,C3-C4,Exact V-cusp
0.05,0.009180818726959711,0.05918081872695971,0.675,0.6750000000000003,0.6795904093634797,0.004590409363479431,0.0,0.004590409363479653,False,True,True,T → C1 → C2 → C3 → C4 → B,C3-C4,Exact V-cusp
0.05,0.007315144092540825,0.05731514409254083,0.675,0.6750000000000003,0.6786575720462702,0.00365757204626993,0.0,0.003657572046270152,False,True,True,T → C1 → C2 → C3 → C4 → B,C3-C4,Exact V-cusp
0.05,0.002359130033972527,0.05235913003397253,0.675,0.6750000000000003,0.6761795650169862,0.0011795650169859062,0.0,0.0011795650169861283,False,True,True,T → C1 → C2 → C3 → C4 → B,C3-C4,Exact V-cusp
0.05,0.01982293399845027,0.06982293399845027,0.675,0.6750000000000003,0.6849114669992249,0.009911466999224627,0.0,0.00991146699922485,False,True,True,T → C1 → C2 → C3 → C4 → B,C3-C4,Exact V-cusp
0.05,0.014632614345651686,0.06463261434565169,0.675,0.6750000000000003,0.6823163071728258,0.007316307172825498,0.0,0.00731630717282572,False,True,True,T → C1 → C2 → C3 → C4 → B,C3-C4,Exact V-cusp
0.05,-0.009410462003417726,0.04058953799658228,0.675,0.6750000000000003,0.6797052310017091,0.004705231001708832,0.0,0.004705231001709054,False,True,True,T → C1 → C2 → C3 → C4 → B,C2-C3,Exact V-cusp
0.05,-0.01497035174481853,0.03502964825518147,0.675,0.6750000000000003,0.6824851758724095,0.0074851758724092665,0.0,0.0074851758724094886,False,True,True,T → C1 → C2 → C3 → C4 → B,C2-C3,Exact V-cusp
0.05,0.005508912216956836,0.055508912216956835,0.675,0.6750000000000003,0.6777544561084783,0.0027544561084780206,0.0,0.0027544561084782426,False,True,True,T → C1 → C2 → C3 → C4 → B,C3-C4,Exact V-cusp
0.05,-0.01479121791214792,0.03520878208785208,0.675,0.6750000000000003,0.6823956089560743,0.007395608956074051,0.0,0.007395608956074273,False,True,True,T → C1 → C2 → C3 → C4 → B,C2-C3,Exact V-cusp
0.05,-0.01055609609807802,0.039443903901921984,0.675,0.6750000000000003,0.6802780480490394,0.005278048049039086,0.0,0.005278048049039308,False,True,True,T → C1 → C2 → C3 → C4 → B,C2-C3,Exact V-cusp
0.05,0.0078073052245565926,0.0578073052245566,0.675,0.6750000000000003,0.678903652612278,0.0039036526122777637,0.0,0.0039036526122779858,False,True,True,T → C1 → C2 → C3 → C4 → B,C3-C4,Exact V-cusp
0.05,-0.009423792842456957,0.040576207157543044,0.675,0.6750000000000003,0.6797118964212288,0.00471189642122849,0.0,0.004711896421228712,False,True,True,T → C1 → C2 → C3 → C4 → B,C2-C3,Exact V-cusp
0.05,-0.0012044866224755618,0.04879551337752444,0.675,0.6750000000000003,0.6756022433112381,0.0006022433112378156,0.0,0.0006022433112380376,False,True,True,T → C1 → C2 → C3 → C4 → B,C2-C3,Exact V-cusp
0.05,-0.008047610217477028,0.04195238978252298,0.675,0.6750000000000003,0.6790238051087387,0.004023805108738454,0.0,0.004023805108738676,False,True,True,T → C1 → C2 → C3 → C4 → B,C2-C3,Exact V-cusp
0.05,-0.014599694804867993,0.03540030519513201,0.675,0.6750000000000003,0.6822998474024342,0.0072998474024339455,0.0,0.0072998474024341675,False,True,True,T → C1 → C2 → C3 → C4 → B,C2-C3,Exact V-cusp
0.05,0.0006704764158752263,0.05067047641587523,0.675,0.6750000000000003,0.6753352382079374,0.00033523820793712744,0.0,0.0003352382079373495,False,True,True,T → C1 → C2 → C3 → C4 → B,C3-C4,Exact V-cusp
0.05,-0.0036818675327594565,0.04631813246724055,0.675,0.6750000000000003,0.6768409337663801,0.0018409337663798375,0.0,0.0018409337663800596,False,True,True,T → C1 → C2 → C3 → C4 → B,C2-C3,Exact V-cusp
0.05,-0.0135286240011997,0.03647137599880031,0.675,0.6750000000000003,0.6817643120006001,0.0067643120005997925,0.0,0.006764312000600015,False,True,True,T → C1 → C2 → C3 → C4 → B,C2-C3,Exact V-cusp
0.05,-0.005013955358574122,0.04498604464142588,0.675,0.6750000000000003,0.6775069776792872,0.0025069776792869813,0.0,0.0025069776792872034,False,True,True,T → C1 → C2 → C3 → C4 → B,C2-C3,Exact V-cusp
0.05,0.008779130336280968,0.058779130336280974,0.675,0.6750000000000003,0.6793895651681403,0.004389565168140042,0.0,0.004389565168140264,False,True,True,T → C1 → C2 → C3 → C4 → B,C3-C4,Exact V-cusp
0.05,0.01137450191685693,0.061374501916856936,0.675,0.6750000000000003,0.6806872509584283,0.005687250958428036,0.0,0.005687250958428258,False,True,True,T → C1 → C2 → C3 → C4 → B,C3-C4,Exact V-cusp
0.05,-0.004953553840045682,0.04504644615995432,0.675,0.6750000000000003,0.6774767769200232,0.002476776920022905,0.0,0.002476776920023127,False,True,True,T → C1 → C2 → C3 → C4 → B,C2-C3,Exact V-cusp
0.05,0.014442789414974778,0.06444278941497478,0.675,0.6750000000000003,0.6822213947074871,0.007221394707486839,0.0,0.007221394707487061,False,True,True,T → C1 → C2 → C3 → C4 → B,C3-C4,Exact V-cusp
0.05,-0.01492311216113254,0.03507688783886746,0.675,0.6750000000000003,0.6824615560805665,0.007461556080566201,0.0,0.007461556080566423,False,True,True,T → C1 → C2 → C3 → C4 → B,C2-C3,Exact V-cusp
0.05,0.019135267653656692,0.0691352676536567,0.675,0.6750000000000003,0.6845676338268281,0.009567633826827793,0.0,0.009567633826828015,False,True,True,T → C1 → C2 → C3 → C4 → B,C3-C4,Exact V-cusp
0.05,0.008462751481655904,0.0584627514816559,0.675,0.6750000000000003,0.6792313757408277,0.004231375740827437,0.0,0.004231375740827659,False,True,True,T → C1 → C2 → C3 → C4 → B,C3-C4,Exact V-cusp
0.05,-0.01872089663065108,0.03127910336934892,0.675,0.6750000000000003,0.6843604483153258,0.009360448315325565,0.0,0.009360448315325787,False,True,True,T → C1 → C2 → C3 → C4 → B,C2-C3,Exact V-cusp
0.05,-0.017723858238431426,0.03227614176156858,0.675,0.6750000000000003,0.6838619291192161,0.008861929119215795,0.0,0.008861929119216017,False,True,True,T → C1 → C2 → C3 → C4 → B,C2-C3,Exact V-cusp
0.05,-0.0003219025362896748,0.049678097463710325,0.675,0.6750000000000003,0.6751609512681451,0.00016095126814485994,0.0,0.00016095126814508198,False,True,True,T → C1 → C2 → C3 → C4 → B,C2-C3,Exact V-cusp
0.05,-0.008029214415381096,0.041970785584618905,0.675,0.6750000000000003,0.6790146072076908,0.004014607207690535,0.0,0.004014607207690757,False,True,True,T → C1 → C2 → C3 → C4 → B,C2-C3,Exact V-cusp
0.05,-0.019237249618857512,0.03076275038114249,0.675,0.6750000000000003,0.684618624809429,0.009618624809428766,0.0,0.009618624809428988,False,True,True,T → C1 → C2 → C3 → C4 → B,C2-C3,Exact V-cusp
0.05,0.00378237225743832,0.05378237225743832,0.675,0.6750000000000003,0.676891186128719,0.001891186128718747,0.0,0.001891186128718969,False,True,True,T → C1 → C2 → C3 → C4 → B,C3-C4,Exact V-cusp
0.05,-0.008773930645871517,0.04122606935412849,0.675,0.6750000000000003,0.6793869653229361,0.00438696532293581,0.0,0.004386965322936032,False,True,True,T → C1 → C2 → C3 → C4 → B,C2-C3,Exact V-cusp
0.05,-0.0020306287262860274,0.04796937127371398,0.675,0.6750000000000003,0.6760153143631433,0.0010153143631430606,0.0,0.0010153143631432826,False,True,True,T → C1 → C2 → C3 → C4 → B,C2-C3,Exact V-cusp
0.05,-0.013456159360821923,0.03654384063917808,0.675,0.6750000000000003,0.6817280796804113,0.006728079680411003,0.0,0.006728079680411225,False,True,True,T → C1 → C2 → C3 → C4 → B,C2-C3,Exact V-cusp
0.05,-0.005885653830054025,0.04411434616994598,0.675,0.6750000000000003,0.6779428269150274,0.002942826915027119,0.0,0.002942826915027341,False,True,True,T → C1 → C2 → C3 → C4 → B,C2-C3,Exact V-cusp
0.05,-0.019183715469569648,0.030816284530430355,0.675,0.6750000000000003,0.6845918577347851,0.009591857734784881,0.0,0.009591857734785103,False,True,True,T → C1 → C2 → C3 → C4 → B,C2-C3,Exact V-cusp
0.05,-0.01426841063534197,0.035731589364658034,0.675,0.6750000000000003,0.6821342053176713,0.007134205317671061,0.0,0.007134205317671283,False,True,True,T → C1 → C2 → C3 → C4 → B,C2-C3,Exact V-cusp
0.05,-0.005767849068368665,0.04423215093163134,0.675,0.6750000000000003,0.6778839245341846,0.00288392453418429,0.0,0.002883924534184512,False,True,True,T → C1 → C2 → C3 → C4 → B,C2-C3,Exact V-cusp
0.05,0.01496975607979181,0.06496975607979182,0.675,0.6750000000000003,0.6824848780398958,0.007484878039895504,0.0,0.007484878039895726,False,True,True,T → C1 → C2 → C3 → C4 → B,C3-C4,Exact V-cusp
0.05,-0.011564738985658502,0.0384352610143415,0.675,0.6750000000000003,0.6807823694928294,0.005782369492829176,0.0,0.005782369492829398,False,True,True,T → C1 → C2 → C3 → C4 → B,C2-C3,Exact V-cusp
0.05,-0.012771989329952126,0.03722801067004788,0.675,0.6750000000000003,0.6813859946649763,0.006385994664976025,0.0,0.006385994664976247,False,True,True,T → C1 → C2 → C3 → C4 → B,C2-C3,Exact V-cusp
0.05,-0.003010450012983088,0.04698954998701692,0.675,0.6750000000000003,0.6765052250064918,0.0015052250064915285,0.0,0.0015052250064917505,False,True,True,T → C1 → C2 → C3 → C4 → B,C2-C3,Exact V-cusp
0.05,-0.010212078725226182,0.03978792127477382,0.675,0.6750000000000003,0.6801060393626133,0.005106039362613002,0.0,0.005106039362613224,False,True,True,T → C1 → C2 → C3 → C4 → B,C2-C3,Exact V-cusp
0.05,-0.015012659549383613,0.03498734045061639,0.675,0.6750000000000003,0.682506329774692,0.007506329774691789,0.0,0.007506329774692011,False,True,True,T → C1 → C2 → C3 → C4 → B,C2-C3,Exact V-cusp
0.05,0.012115088359273152,0.06211508835927315,0.675,0.6750000000000003,0.6810575441796365,0.006057544179636221,0.0,0.006057544179636443,False,True,True,T → C1 → C2 → C3 → C4 → B,C3-C4,Exact V-cusp
0.05,0.00465014354978751,0.05465014354978751,0.675,0.6750000000000003,0.6773250717748935,0.0023250717748932725,0.0,0.0023250717748934946,False,True,True,T → C1 → C2 → C3 → C4 → B,C3-C4,Exact V-cusp
